Cohort,Feature Index,Feature Name,Tier,Normalized Importance
Overall,0,Age,Micro,0.1883961
Overall,1,Asian,Micro,0.4157909
Overall,2,Black_or_African_American,Micro,0.39363974
Overall,3,Hispanic_or_Latino,Micro,0.0
Overall,4,White,Micro,0.25190866
Overall,5,Days_Cared_For,Micro,0.33850032
Overall,6,BMI,Micro,0.2719077
Overall,7,POP_URB,Meso,0.17049101
Overall,8,POPPCT_URB,Meso,0.28084832
Overall,9,POP_RUR,Meso,0.15642744
Overall,10,POPPCT_RUR,Meso,0.16624321
Overall,11,ACS_PCT_BACHELOR_DGR,Meso,0.37748137
Overall,12,ACS_PCT_COLLEGE_ASSOCIATE_DGR,Meso,0.06336537
Overall,13,ACS_PCT_GRADUATE_DGR,Meso,0.46711436
Overall,14,ACS_PCT_HS_GRADUATE,Meso,0.50572526
Overall,15,ACS_PCT_LT_HS,Meso,0.6198025
Overall,16,ACS_PCT_NO_WORK_NO_SCHL_16_19,Meso,0.47780612
Overall,17,ACS_PCT_POSTHS_ED,Meso,0.11723664
Overall,18,ACS_PCT_VET_BACHELOR,Meso,0.18204379
Overall,19,ACS_PCT_VET_COLLEGE,Meso,0.3610295
Overall,20,ACS_PCT_VET_HS,Meso,0.34549683
Overall,21,ACS_PCT_HH_LIMIT_ENGLISH,Meso,0.17635861
Overall,22,ACS_PCT_HH_BROADBAND,Meso,0.26908404
Overall,23,ACS_PCT_HH_BROADBAND_ONLY,Meso,0.5625242
Overall,24,ACS_PCT_HH_CELLULAR,Meso,0.29858863
Overall,25,ACS_PCT_HH_CELLULAR_ONLY,Meso,0.5006332
Overall,26,ACS_PCT_HH_DIAL_INTERNET_ONLY,Meso,0.2851437
Overall,27,ACS_PCT_HH_INTERNET,Meso,0.41227895
Overall,28,ACS_PCT_HH_INTERNET_NO_SUBS,Meso,0.3486501
Overall,29,ACS_PCT_HH_NO_COMP_DEV,Meso,0.2680256
Overall,30,ACS_PCT_HH_NO_INTERNET,Meso,0.24273181
Overall,31,ACS_PCT_HH_OTHER_COMP,Meso,0.48454973
Overall,32,ACS_PCT_HH_PC,Meso,0.41236356
Overall,33,ACS_PCT_HH_PC_ONLY,Meso,0.25032145
Overall,34,ACS_PCT_HH_SAT_INTERNET,Meso,0.2823236
Overall,35,ACS_PCT_HH_SMARTPHONE,Meso,0.32219565
Overall,36,ACS_PCT_HH_SMARTPHONE_ONLY,Meso,0.33970943
Overall,37,ACS_PCT_HH_TABLET,Meso,0.29436374
Overall,38,ACS_PCT_HH_TABLET_ONLY,Meso,0.26638553
Overall,39,ACS_PCT_CHILDREN_GRANDPARENT,Meso,0.38386983
Overall,40,ACS_PCT_CHILD_1FAM,Meso,0.50923634
Overall,41,ACS_PCT_GRANDP_NO_RESPS,Meso,0.38117132
Overall,42,ACS_PCT_GRANDP_RESPS_NO_P,Meso,0.41274515
Overall,43,ACS_PCT_GRANDP_RESPS_P,Meso,0.46834993
Overall,44,ACS_PCT_HH_1PERS,Meso,0.3278253
Overall,45,ACS_PCT_HH_ABOVE65,Meso,0.5885415
Overall,46,ACS_PCT_HH_ALONE_ABOVE65,Meso,0.27232894
Overall,47,ACS_TOT_GRANDCHILDREN_GP,Meso,0.5812251
Overall,48,ACS_PCT_HEALTH_INC_138_199,Meso,0.11956147
Overall,49,ACS_PCT_HEALTH_INC_200_399,Meso,0.13333245
Overall,50,ACS_PCT_HEALTH_INC_ABOVE400,Meso,0.37525788
Overall,51,ACS_PCT_HEALTH_INC_BELOW137,Meso,0.1844497
Overall,52,ACS_PCT_HH_1FAM_FOOD_STMP,Meso,0.32547754
Overall,53,ACS_PCT_HH_FOOD_STMP_BLW_POV,Meso,0.32861316
Overall,54,ACS_PCT_HH_NO_FD_STMP_BLW_POV,Meso,0.023379644
Overall,55,ACS_PCT_HH_PUB_ASSIST,Meso,0.47283745
Overall,56,ACS_PCT_INC50,Meso,0.49619856
Overall,57,ACS_PCT_INC50_ABOVE65,Meso,0.22011536
Overall,58,ACS_PCT_NONVET_POV_18_64,Meso,0.08606907
Overall,59,ACS_PCT_PERSON_INC_100_124,Meso,0.2302572
Overall,60,ACS_PCT_PERSON_INC_125_199,Meso,0.5462063
Overall,61,ACS_PCT_PERSON_INC_ABOVE200,Meso,0.24420267
Overall,62,ACS_PCT_PERSON_INC_BELOW99,Meso,0.23424943
Overall,63,ACS_PCT_POV_AIAN,Meso,0.5200356
Overall,64,ACS_PCT_POV_ASIAN,Meso,0.38952592
Overall,65,ACS_PCT_POV_BLACK,Meso,0.5674893
Overall,66,ACS_PCT_POV_HISPANIC,Meso,0.29050106
Overall,67,ACS_PCT_POV_MULTI,Meso,0.52822274
Overall,68,ACS_PCT_POV_NHPI,Meso,0.5058011
Overall,69,ACS_PCT_POV_OTHER,Meso,0.2460102
Overall,70,ACS_PCT_POV_WHITE,Meso,0.47898704
Overall,71,ACS_PCT_VET_POV_18_64,Meso,0.51488715
Overall,72,ACS_TOT_POP_POV,Meso,0.3331518
Overall,73,Primary_Diagnosis_ICD_10_C_M_Code_ICD_Group_E11_621,Micro,0.7248025
Overall,74,Primary_Diagnosis_ICD_10_C_M_Code_ICD_Group_I50_22,Micro,0.38481984
Overall,75,Primary_Diagnosis_ICD_10_C_M_Code_ICD_Group_I69_351,Micro,0.49284968
Overall,76,Primary_Diagnosis_ICD_10_C_M_Code_ICD_Group_L03_115,Micro,0.68589723
Overall,77,Primary_Diagnosis_ICD_10_C_M_Code_ICD_Group_M25_561,Micro,0.301377
Overall,78,Primary_Diagnosis_ICD_10_C_M_Code_ICD_Group_S72_001D,Micro,0.26423785
Overall,79,Primary_Diagnosis_ICD_10_C_M_Code_ICD_Group_T81_4XXD,Micro,0.702231
Overall,80,Primary_Diagnosis_ICD_10_C_M_Code_ICD_Group_Z47_1,Micro,0.29259676
Overall,81,Primary_Diagnosis_ICD_10_C_M_Code_ICD_Group_Z48_812,Micro,0.3857355
Overall,82,Other_Diagnosis_Code_1_ICD_10_C_M_ICD_Group_I10,Micro,0.49247602
Overall,83,Other_Diagnosis_Code_1_ICD_10_C_M_ICD_Group_I69_351,Micro,0.2746326
Overall,84,Other_Diagnosis_Code_1_ICD_10_C_M_ICD_Group_L03_116,Micro,0.5266312
Overall,85,Other_Diagnosis_Code_1_ICD_10_C_M_ICD_Group_S22_42XD,Micro,0.27546984
Overall,86,Other_Diagnosis_Code_1_ICD_10_C_M_ICD_Group_Z96_651,Micro,0.54419696
Overall,87,Other_Diagnosis_Code_2_ICD_10_C_M_ICD_Group_B96_20,Micro,0.6064739
Overall,88,Other_Diagnosis_Code_2_ICD_10_C_M_ICD_Group_E11_22,Micro,0.36067525
Overall,89,Other_Diagnosis_Code_2_ICD_10_C_M_ICD_Group_F03_90,Micro,0.6510617
Overall,90,Other_Diagnosis_Code_2_ICD_10_C_M_ICD_Group_I10,Micro,0.45580393
Overall,91,Other_Diagnosis_Code_2_ICD_10_C_M_ICD_Group_I25_10,Micro,0.9421136
Overall,92,Other_Diagnosis_Code_2_ICD_10_C_M_ICD_Group_I48_91,Micro,0.38820046
Overall,93,Other_Diagnosis_Code_2_ICD_10_C_M_ICD_Group_I50_32,Micro,0.27726325
Overall,94,Other_Diagnosis_Code_2_ICD_10_C_M_ICD_Group_I50_9,Micro,0.27393728
Overall,95,Other_Diagnosis_Code_2_ICD_10_C_M_ICD_Group_I69_354,Micro,0.556468
Overall,96,Other_Diagnosis_Code_2_ICD_10_C_M_ICD_Group_M19_90,Micro,0.38162518
Overall,97,Other_Diagnosis_Code_2_ICD_10_C_M_ICD_Group_M25_561,Micro,0.49940646
Overall,98,Other_Diagnosis_Code_2_ICD_10_C_M_ICD_Group_M48_06,Micro,0.26970536
Overall,99,Other_Diagnosis_Code_2_ICD_10_C_M_ICD_Group_M62_81,Micro,0.2506246
Overall,100,Other_Diagnosis_Code_2_ICD_10_C_M_ICD_Group_R26_89,Micro,0.5241424
Overall,101,Other_Diagnosis_Code_2_ICD_10_C_M_ICD_Group_Z79_82,Micro,0.49713096
Overall,102,Other_Diagnosis_Code_3_ICD_10_C_M_ICD_Group_E11_22,Micro,0.2604624
Overall,103,Other_Diagnosis_Code_3_ICD_10_C_M_ICD_Group_I10,Micro,0.24009588
Overall,104,Other_Diagnosis_Code_3_ICD_10_C_M_ICD_Group_I25_10,Micro,0.46150762
Overall,105,Other_Diagnosis_Code_3_ICD_10_C_M_ICD_Group_I48_91,Micro,0.793705
Overall,106,Other_Diagnosis_Code_3_ICD_10_C_M_ICD_Group_I50_32,Micro,0.50475234
Overall,107,Other_Diagnosis_Code_3_ICD_10_C_M_ICD_Group_I50_9,Micro,0.17555664
Overall,108,Other_Diagnosis_Code_3_ICD_10_C_M_ICD_Group_I69_354,Micro,0.32848275
Overall,109,Other_Diagnosis_Code_3_ICD_10_C_M_ICD_Group_M62_81,Micro,0.4319669
Overall,110,Other_Diagnosis_Code_3_ICD_10_C_M_ICD_Group_R26_89,Micro,0.501095
Overall,111,Other_Diagnosis_Code_3_ICD_10_C_M_ICD_Group_Z79_01,Micro,0.6366051
Overall,112,Other_Diagnosis_Code_3_ICD_10_C_M_ICD_Group_Z91_81,Micro,0.57482517
Overall,113,Other_Diagnosis_Code_4_ICD_10_C_M_ICD_Group_E11_22,Micro,0.33699244
Overall,114,Other_Diagnosis_Code_4_ICD_10_C_M_ICD_Group_F03_90,Micro,0.37064964
Overall,115,Other_Diagnosis_Code_4_ICD_10_C_M_ICD_Group_G47_33,Micro,0.33188275
Overall,116,Other_Diagnosis_Code_4_ICD_10_C_M_ICD_Group_I10,Micro,0.4137516
Overall,117,Other_Diagnosis_Code_4_ICD_10_C_M_ICD_Group_I25_10,Micro,0.3998026
Overall,118,Other_Diagnosis_Code_4_ICD_10_C_M_ICD_Group_I50_32,Micro,0.42647648
Overall,119,Other_Diagnosis_Code_4_ICD_10_C_M_ICD_Group_K59_00,Micro,0.5806998
Overall,120,Other_Diagnosis_Code_4_ICD_10_C_M_ICD_Group_M62_81,Micro,0.85057086
Overall,121,Other_Diagnosis_Code_4_ICD_10_C_M_ICD_Group_R26_89,Micro,0.36470094
Overall,122,Other_Diagnosis_Code_4_ICD_10_C_M_ICD_Group_Z48_01,Micro,1.0
Overall,123,Other_Diagnosis_Code_4_ICD_10_C_M_ICD_Group_Z79_01,Micro,0.37549496
Overall,124,Other_Diagnosis_Code_4_ICD_10_C_M_ICD_Group_Z87_891,Micro,0.4110064
Overall,125,Other_Diagnosis_Code_4_ICD_10_C_M_ICD_Group_Z91_81,Micro,0.50163084
Overall,126,Other_Diagnosis_Code_5_ICD_10_C_M_ICD_Group_E11_22,Micro,0.7242913
Overall,127,Other_Diagnosis_Code_5_ICD_10_C_M_ICD_Group_E66_01,Micro,0.4727546
Overall,128,Other_Diagnosis_Code_5_ICD_10_C_M_ICD_Group_F03_90,Micro,0.5060602
Overall,129,Other_Diagnosis_Code_5_ICD_10_C_M_ICD_Group_G47_33,Micro,0.35529146
Overall,130,Other_Diagnosis_Code_5_ICD_10_C_M_ICD_Group_I10,Micro,0.20383623
Overall,131,Other_Diagnosis_Code_5_ICD_10_C_M_ICD_Group_I25_10,Micro,0.21808665
Overall,132,Other_Diagnosis_Code_5_ICD_10_C_M_ICD_Group_M54_5,Micro,0.3411759
Overall,133,Other_Diagnosis_Code_5_ICD_10_C_M_ICD_Group_M62_81,Micro,0.6371903
Overall,134,Other_Diagnosis_Code_5_ICD_10_C_M_ICD_Group_Z48_00,Micro,0.29840794
Overall,135,Other_Diagnosis_Code_5_ICD_10_C_M_ICD_Group_Z79_01,Micro,0.5358882
Overall,136,Other_Diagnosis_Code_5_ICD_10_C_M_ICD_Group_Z91_81,Micro,0.4892946
Overall,137,Other_Diagnosis_Code_5_ICD_10_C_M_ICD_Group_Z99_81,Micro,0.5569333
Overall,138,Submitted_HIPPS_Code_1AFKS,Macro,0.7407185
Overall,139,Submitted_HIPPS_Code_1AGKS,Macro,0.2774166
Overall,140,Submitted_HIPPS_Code_1AHKS,Macro,0.3313804
Overall,141,Submitted_HIPPS_Code_1BGKS,Macro,0.5627198
Overall,142,Submitted_HIPPS_Code_1BGMS,Macro,0.89631844
Overall,143,Submitted_HIPPS_Code_1BGPS,Macro,0.4263725
Overall,144,Submitted_HIPPS_Code_1BHKS,Macro,0.32644433
Overall,145,Submitted_HIPPS_Code_1BHMS,Macro,0.4366236
Overall,146,Submitted_HIPPS_Code_1BHNS,Macro,0.742118
Overall,147,Submitted_HIPPS_Code_1BHPS,Macro,0.88923115
Overall,148,Submitted_HIPPS_Code_1CGKS,Macro,0.4641603
Overall,149,Submitted_HIPPS_Code_1CGKT,Macro,0.41946673
Overall,150,Submitted_HIPPS_Code_1CGMS,Macro,0.299432
Overall,151,Submitted_HIPPS_Code_1CGPS,Macro,0.5152537
Overall,152,Submitted_HIPPS_Code_1CHKS,Macro,0.5535562
Overall,153,Submitted_HIPPS_Code_1CHKT,Macro,0.73332804
Overall,154,Submitted_HIPPS_Code_1CHKU,Macro,0.3783935
Overall,155,Submitted_HIPPS_Code_1CHMS,Macro,0.38312954
Overall,156,Submitted_HIPPS_Code_1CHNS,Macro,0.38060114
Overall,157,Submitted_HIPPS_Code_1CHPS,Macro,0.17303264
Overall,158,Submitted_HIPPS_Code_1CHPT,Macro,0.18990399
Overall,159,Submitted_HIPPS_Code_2AFKS,Macro,0.32402694
Overall,160,Submitted_HIPPS_Code_2AFLS,Macro,0.4034335
Overall,161,Submitted_HIPPS_Code_2BFKS,Macro,0.43597323
Overall,162,Submitted_HIPPS_Code_2BFLS,Macro,0.5893805
Overall,163,Submitted_HIPPS_Code_2BFMS,Macro,0.51823777
Overall,164,Submitted_HIPPS_Code_2BGLS,Macro,0.39019656
Overall,165,Submitted_HIPPS_Code_5AGKS,Macro,0.17839527
Overall,166,Submitted_HIPPS_Code_5AHKS,Macro,0.17793523
Overall,167,Submitted_HIPPS_Code_5BHKS,Macro,0.46462208
Overall,168,Gender_Female,Micro,0.73136806
Overall,169,Gender_Male,Micro,0.23492979
Overall,170,ByDiscipline_PT,Micro,0.5703077
Overall,171,ByDiscipline_RN,Micro,0.6782388
Overall,172,Agency_Medicare_Number_453157,Macro,0.8348187
Overall,173,Agency_Medicare_Number_457741,Macro,0.30797344
Overall,174,Agency_Medicare_Number_678191,Macro,0.1368814
Overall,175,Agency_Medicare_Number_679044,Macro,0.48791978
Overall,176,BMI_Category_Normal_weight,Micro,0.47064126
Overall,177,BMI_Category_Obese_Class1,Micro,0.3273256
Overall,178,BMI_Category_Obese_Class2,Micro,0.23675404
Overall,179,BMI_Category_Obese_Class3,Micro,0.64779216
Overall,180,BMI_Category_Overweight,Micro,0.20001498
Overall,181,BMI_Category_Underweight,Micro,0.5652667
Overall,182,COUNTY_NAME_Bell,Meso,0.29747203
Overall,183,COUNTY_NAME_Bexar,Meso,0.39532918
Overall,184,COUNTY_NAME_Brazoria,Meso,0.64794725
Overall,185,COUNTY_NAME_Cameron,Meso,0.75657636
Overall,186,COUNTY_NAME_Collin,Meso,0.43536866
Overall,187,COUNTY_NAME_Dallas,Meso,0.4772509
Overall,188,COUNTY_NAME_Denton,Meso,0.75851345
Overall,189,COUNTY_NAME_El_Paso,Meso,0.41973993
Overall,190,COUNTY_NAME_Fort_Bend,Meso,0.64936966
Overall,191,COUNTY_NAME_Galveston,Meso,0.4231135
Overall,192,COUNTY_NAME_Harris,Meso,0.118194595
Overall,193,COUNTY_NAME_Hidalgo,Meso,0.5730009
Overall,194,COUNTY_NAME_Jefferson,Meso,0.44236785
Overall,195,COUNTY_NAME_Lubbock,Meso,0.38807973
Overall,196,COUNTY_NAME_McLennan,Meso,0.34955075
Overall,197,COUNTY_NAME_Montgomery,Meso,0.43824342
Overall,198,COUNTY_NAME_Nueces,Meso,0.7424758
Overall,199,COUNTY_NAME_Smith,Meso,0.38491237
Overall,200,COUNTY_NAME_Tarrant,Meso,0.26051265
Overall,201,COUNTY_NAME_Travis,Meso,0.7652112
Overall,202,COUNTY_NAME_Williamson,Meso,0.80220586
Asian,0,Age,Micro,0.014096376
Asian,1,Asian,Micro,1.0
Asian,2,Black_or_African_American,Micro,0.0029282405
Asian,3,Hispanic_or_Latino,Micro,0.0
Asian,4,White,Micro,0.03349782
Asian,5,Days_Cared_For,Micro,0.027673
Asian,6,BMI,Micro,0.016547615
Asian,7,POP_URB,Meso,0.034426168
Asian,8,POPPCT_URB,Meso,0.0051738736
Asian,9,POP_RUR,Meso,0.010671381
Asian,10,POPPCT_RUR,Meso,0.0055257794
Asian,11,ACS_PCT_BACHELOR_DGR,Meso,0.047580253
Asian,12,ACS_PCT_COLLEGE_ASSOCIATE_DGR,Meso,0.010009397
Asian,13,ACS_PCT_GRADUATE_DGR,Meso,0.028069397
Asian,14,ACS_PCT_HS_GRADUATE,Meso,0.037673537
Asian,15,ACS_PCT_LT_HS,Meso,0.028497843
Asian,16,ACS_PCT_NO_WORK_NO_SCHL_16_19,Meso,0.02085206
Asian,17,ACS_PCT_POSTHS_ED,Meso,0.021865271
Asian,18,ACS_PCT_VET_BACHELOR,Meso,0.01687512
Asian,19,ACS_PCT_VET_COLLEGE,Meso,0.027551148
Asian,20,ACS_PCT_VET_HS,Meso,0.018189793
Asian,21,ACS_PCT_HH_LIMIT_ENGLISH,Meso,0.009065414
Asian,22,ACS_PCT_HH_BROADBAND,Meso,0.028636592
Asian,23,ACS_PCT_HH_BROADBAND_ONLY,Meso,0.027802793
Asian,24,ACS_PCT_HH_CELLULAR,Meso,0.015946774
Asian,25,ACS_PCT_HH_CELLULAR_ONLY,Meso,0.020643985
Asian,26,ACS_PCT_HH_DIAL_INTERNET_ONLY,Meso,0.008753399
Asian,27,ACS_PCT_HH_INTERNET,Meso,0.025757149
Asian,28,ACS_PCT_HH_INTERNET_NO_SUBS,Meso,0.01072812
Asian,29,ACS_PCT_HH_NO_COMP_DEV,Meso,0.013333114
Asian,30,ACS_PCT_HH_NO_INTERNET,Meso,0.01811698
Asian,31,ACS_PCT_HH_OTHER_COMP,Meso,0.028528875
Asian,32,ACS_PCT_HH_PC,Meso,0.018942453
Asian,33,ACS_PCT_HH_PC_ONLY,Meso,0.013680566
Asian,34,ACS_PCT_HH_SAT_INTERNET,Meso,0.020539172
Asian,35,ACS_PCT_HH_SMARTPHONE,Meso,0.022242447
Asian,36,ACS_PCT_HH_SMARTPHONE_ONLY,Meso,0.036412217
Asian,37,ACS_PCT_HH_TABLET,Meso,0.021682758
Asian,38,ACS_PCT_HH_TABLET_ONLY,Meso,0.009746423
Asian,39,ACS_PCT_CHILDREN_GRANDPARENT,Meso,0.01650109
Asian,40,ACS_PCT_CHILD_1FAM,Meso,0.029178998
Asian,41,ACS_PCT_GRANDP_NO_RESPS,Meso,0.014712417
Asian,42,ACS_PCT_GRANDP_RESPS_NO_P,Meso,0.020369343
Asian,43,ACS_PCT_GRANDP_RESPS_P,Meso,0.01824416
Asian,44,ACS_PCT_HH_1PERS,Meso,0.029426673
Asian,45,ACS_PCT_HH_ABOVE65,Meso,0.037473403
Asian,46,ACS_PCT_HH_ALONE_ABOVE65,Meso,0.013910135
Asian,47,ACS_TOT_GRANDCHILDREN_GP,Meso,0.0393177
Asian,48,ACS_PCT_HEALTH_INC_138_199,Meso,0.020521551
Asian,49,ACS_PCT_HEALTH_INC_200_399,Meso,0.014010493
Asian,50,ACS_PCT_HEALTH_INC_ABOVE400,Meso,0.035641596
Asian,51,ACS_PCT_HEALTH_INC_BELOW137,Meso,0.017172078
Asian,52,ACS_PCT_HH_1FAM_FOOD_STMP,Meso,0.013200514
Asian,53,ACS_PCT_HH_FOOD_STMP_BLW_POV,Meso,0.01471169
Asian,54,ACS_PCT_HH_NO_FD_STMP_BLW_POV,Meso,0.008536417
Asian,55,ACS_PCT_HH_PUB_ASSIST,Meso,0.026793066
Asian,56,ACS_PCT_INC50,Meso,0.028167529
Asian,57,ACS_PCT_INC50_ABOVE65,Meso,0.011768152
Asian,58,ACS_PCT_NONVET_POV_18_64,Meso,0.005642065
Asian,59,ACS_PCT_PERSON_INC_100_124,Meso,0.015771523
Asian,60,ACS_PCT_PERSON_INC_125_199,Meso,0.045869764
Asian,61,ACS_PCT_PERSON_INC_ABOVE200,Meso,0.02404211
Asian,62,ACS_PCT_PERSON_INC_BELOW99,Meso,0.015378564
Asian,63,ACS_PCT_POV_AIAN,Meso,0.018995464
Asian,64,ACS_PCT_POV_ASIAN,Meso,0.017171886
Asian,65,ACS_PCT_POV_BLACK,Meso,0.02397138
Asian,66,ACS_PCT_POV_HISPANIC,Meso,0.015999446
Asian,67,ACS_PCT_POV_MULTI,Meso,0.0130870845
Asian,68,ACS_PCT_POV_NHPI,Meso,0.0096789375
Asian,69,ACS_PCT_POV_OTHER,Meso,0.006763332
Asian,70,ACS_PCT_POV_WHITE,Meso,0.03177731
Asian,71,ACS_PCT_VET_POV_18_64,Meso,0.019579165
Asian,72,ACS_TOT_POP_POV,Meso,0.019133098
Asian,73,Primary_Diagnosis_ICD_10_C_M_Code_ICD_Group_E11_621,Micro,0.047166914
Asian,74,Primary_Diagnosis_ICD_10_C_M_Code_ICD_Group_I50_22,Micro,0.023499463
Asian,75,Primary_Diagnosis_ICD_10_C_M_Code_ICD_Group_I69_351,Micro,0.04142633
Asian,76,Primary_Diagnosis_ICD_10_C_M_Code_ICD_Group_L03_115,Micro,0.033539504
Asian,77,Primary_Diagnosis_ICD_10_C_M_Code_ICD_Group_M25_561,Micro,0.0437379
Asian,78,Primary_Diagnosis_ICD_10_C_M_Code_ICD_Group_S72_001D,Micro,0.017055841
Asian,79,Primary_Diagnosis_ICD_10_C_M_Code_ICD_Group_T81_4XXD,Micro,0.030710604
Asian,80,Primary_Diagnosis_ICD_10_C_M_Code_ICD_Group_Z47_1,Micro,0.021771884
Asian,81,Primary_Diagnosis_ICD_10_C_M_Code_ICD_Group_Z48_812,Micro,0.021572815
Asian,82,Other_Diagnosis_Code_1_ICD_10_C_M_ICD_Group_I10,Micro,0.037235025
Asian,83,Other_Diagnosis_Code_1_ICD_10_C_M_ICD_Group_I69_351,Micro,0.023459619
Asian,84,Other_Diagnosis_Code_1_ICD_10_C_M_ICD_Group_L03_116,Micro,0.026153788
Asian,85,Other_Diagnosis_Code_1_ICD_10_C_M_ICD_Group_S22_42XD,Micro,0.020099932
Asian,86,Other_Diagnosis_Code_1_ICD_10_C_M_ICD_Group_Z96_651,Micro,0.034872137
Asian,87,Other_Diagnosis_Code_2_ICD_10_C_M_ICD_Group_B96_20,Micro,0.036731638
Asian,88,Other_Diagnosis_Code_2_ICD_10_C_M_ICD_Group_E11_22,Micro,0.027972428
Asian,89,Other_Diagnosis_Code_2_ICD_10_C_M_ICD_Group_F03_90,Micro,0.046356693
Asian,90,Other_Diagnosis_Code_2_ICD_10_C_M_ICD_Group_I10,Micro,0.03345996
Asian,91,Other_Diagnosis_Code_2_ICD_10_C_M_ICD_Group_I25_10,Micro,0.065750875
Asian,92,Other_Diagnosis_Code_2_ICD_10_C_M_ICD_Group_I48_91,Micro,0.017574187
Asian,93,Other_Diagnosis_Code_2_ICD_10_C_M_ICD_Group_I50_32,Micro,0.01685169
Asian,94,Other_Diagnosis_Code_2_ICD_10_C_M_ICD_Group_I50_9,Micro,0.028213713
Asian,95,Other_Diagnosis_Code_2_ICD_10_C_M_ICD_Group_I69_354,Micro,0.0463474
Asian,96,Other_Diagnosis_Code_2_ICD_10_C_M_ICD_Group_M19_90,Micro,0.029388234
Asian,97,Other_Diagnosis_Code_2_ICD_10_C_M_ICD_Group_M25_561,Micro,0.056005564
Asian,98,Other_Diagnosis_Code_2_ICD_10_C_M_ICD_Group_M48_06,Micro,0.017391577
Asian,99,Other_Diagnosis_Code_2_ICD_10_C_M_ICD_Group_M62_81,Micro,0.02513041
Asian,100,Other_Diagnosis_Code_2_ICD_10_C_M_ICD_Group_R26_89,Micro,0.050899178
Asian,101,Other_Diagnosis_Code_2_ICD_10_C_M_ICD_Group_Z79_82,Micro,0.03510132
Asian,102,Other_Diagnosis_Code_3_ICD_10_C_M_ICD_Group_E11_22,Micro,0.020653715
Asian,103,Other_Diagnosis_Code_3_ICD_10_C_M_ICD_Group_I10,Micro,0.026891053
Asian,104,Other_Diagnosis_Code_3_ICD_10_C_M_ICD_Group_I25_10,Micro,0.029604973
Asian,105,Other_Diagnosis_Code_3_ICD_10_C_M_ICD_Group_I48_91,Micro,0.03852791
Asian,106,Other_Diagnosis_Code_3_ICD_10_C_M_ICD_Group_I50_32,Micro,0.03039365
Asian,107,Other_Diagnosis_Code_3_ICD_10_C_M_ICD_Group_I50_9,Micro,0.024150167
Asian,108,Other_Diagnosis_Code_3_ICD_10_C_M_ICD_Group_I69_354,Micro,0.033480052
Asian,109,Other_Diagnosis_Code_3_ICD_10_C_M_ICD_Group_M62_81,Micro,0.037043795
Asian,110,Other_Diagnosis_Code_3_ICD_10_C_M_ICD_Group_R26_89,Micro,0.046990015
Asian,111,Other_Diagnosis_Code_3_ICD_10_C_M_ICD_Group_Z79_01,Micro,0.0480209
Asian,112,Other_Diagnosis_Code_3_ICD_10_C_M_ICD_Group_Z91_81,Micro,0.04645574
Asian,113,Other_Diagnosis_Code_4_ICD_10_C_M_ICD_Group_E11_22,Micro,0.025757391
Asian,114,Other_Diagnosis_Code_4_ICD_10_C_M_ICD_Group_F03_90,Micro,0.02848419
Asian,115,Other_Diagnosis_Code_4_ICD_10_C_M_ICD_Group_G47_33,Micro,0.022492398
Asian,116,Other_Diagnosis_Code_4_ICD_10_C_M_ICD_Group_I10,Micro,0.030490136
Asian,117,Other_Diagnosis_Code_4_ICD_10_C_M_ICD_Group_I25_10,Micro,0.036437485
Asian,118,Other_Diagnosis_Code_4_ICD_10_C_M_ICD_Group_I50_32,Micro,0.028079903
Asian,119,Other_Diagnosis_Code_4_ICD_10_C_M_ICD_Group_K59_00,Micro,0.04057128
Asian,120,Other_Diagnosis_Code_4_ICD_10_C_M_ICD_Group_M62_81,Micro,0.06800977
Asian,121,Other_Diagnosis_Code_4_ICD_10_C_M_ICD_Group_R26_89,Micro,0.052887455
Asian,122,Other_Diagnosis_Code_4_ICD_10_C_M_ICD_Group_Z48_01,Micro,0.040963802
Asian,123,Other_Diagnosis_Code_4_ICD_10_C_M_ICD_Group_Z79_01,Micro,0.027267018
Asian,124,Other_Diagnosis_Code_4_ICD_10_C_M_ICD_Group_Z87_891,Micro,0.016444497
Asian,125,Other_Diagnosis_Code_4_ICD_10_C_M_ICD_Group_Z91_81,Micro,0.037016008
Asian,126,Other_Diagnosis_Code_5_ICD_10_C_M_ICD_Group_E11_22,Micro,0.033810414
Asian,127,Other_Diagnosis_Code_5_ICD_10_C_M_ICD_Group_E66_01,Micro,0.026840752
Asian,128,Other_Diagnosis_Code_5_ICD_10_C_M_ICD_Group_F03_90,Micro,0.05111432
Asian,129,Other_Diagnosis_Code_5_ICD_10_C_M_ICD_Group_G47_33,Micro,0.020438185
Asian,130,Other_Diagnosis_Code_5_ICD_10_C_M_ICD_Group_I10,Micro,0.019047894
Asian,131,Other_Diagnosis_Code_5_ICD_10_C_M_ICD_Group_I25_10,Micro,0.015453505
Asian,132,Other_Diagnosis_Code_5_ICD_10_C_M_ICD_Group_M54_5,Micro,0.027792724
Asian,133,Other_Diagnosis_Code_5_ICD_10_C_M_ICD_Group_M62_81,Micro,0.056962088
Asian,134,Other_Diagnosis_Code_5_ICD_10_C_M_ICD_Group_Z48_00,Micro,0.025050336
Asian,135,Other_Diagnosis_Code_5_ICD_10_C_M_ICD_Group_Z79_01,Micro,0.048912548
Asian,136,Other_Diagnosis_Code_5_ICD_10_C_M_ICD_Group_Z91_81,Micro,0.054355398
Asian,137,Other_Diagnosis_Code_5_ICD_10_C_M_ICD_Group_Z99_81,Micro,0.027039483
Asian,138,Submitted_HIPPS_Code_1AFKS,Macro,0.043210115
Asian,139,Submitted_HIPPS_Code_1AGKS,Macro,0.02903231
Asian,140,Submitted_HIPPS_Code_1AHKS,Macro,0.021195395
Asian,141,Submitted_HIPPS_Code_1BGKS,Macro,0.07229045
Asian,142,Submitted_HIPPS_Code_1BGMS,Macro,0.06493455
Asian,143,Submitted_HIPPS_Code_1BGPS,Macro,0.03789846
Asian,144,Submitted_HIPPS_Code_1BHKS,Macro,0.027857644
Asian,145,Submitted_HIPPS_Code_1BHMS,Macro,0.030226002
Asian,146,Submitted_HIPPS_Code_1BHNS,Macro,0.051290054
Asian,147,Submitted_HIPPS_Code_1BHPS,Macro,0.05610297
Asian,148,Submitted_HIPPS_Code_1CGKS,Macro,0.045536887
Asian,149,Submitted_HIPPS_Code_1CGKT,Macro,0.027017746
Asian,150,Submitted_HIPPS_Code_1CGMS,Macro,0.04117536
Asian,151,Submitted_HIPPS_Code_1CGPS,Macro,0.065111935
Asian,152,Submitted_HIPPS_Code_1CHKS,Macro,0.04305723
Asian,153,Submitted_HIPPS_Code_1CHKT,Macro,0.034970704
Asian,154,Submitted_HIPPS_Code_1CHKU,Macro,0.021824364
Asian,155,Submitted_HIPPS_Code_1CHMS,Macro,0.02637261
Asian,156,Submitted_HIPPS_Code_1CHNS,Macro,0.040132668
Asian,157,Submitted_HIPPS_Code_1CHPS,Macro,0.02139369
Asian,158,Submitted_HIPPS_Code_1CHPT,Macro,0.01033608
Asian,159,Submitted_HIPPS_Code_2AFKS,Macro,0.031399406
Asian,160,Submitted_HIPPS_Code_2AFLS,Macro,0.027226692
Asian,161,Submitted_HIPPS_Code_2BFKS,Macro,0.038438156
Asian,162,Submitted_HIPPS_Code_2BFLS,Macro,0.0492676
Asian,163,Submitted_HIPPS_Code_2BFMS,Macro,0.05406212
Asian,164,Submitted_HIPPS_Code_2BGLS,Macro,0.028599508
Asian,165,Submitted_HIPPS_Code_5AGKS,Macro,0.014258652
Asian,166,Submitted_HIPPS_Code_5AHKS,Macro,0.015462656
Asian,167,Submitted_HIPPS_Code_5BHKS,Macro,0.034293372
Asian,168,Gender_Female,Micro,0.047206804
Asian,169,Gender_Male,Micro,0.019767778
Asian,170,ByDiscipline_PT,Micro,0.039295048
Asian,171,ByDiscipline_RN,Micro,0.04613245
Asian,172,Agency_Medicare_Number_453157,Macro,0.055629697
Asian,173,Agency_Medicare_Number_457741,Macro,0.046506092
Asian,174,Agency_Medicare_Number_678191,Macro,0.008446371
Asian,175,Agency_Medicare_Number_679044,Macro,0.023178298
Asian,176,BMI_Category_Normal_weight,Micro,0.040198896
Asian,177,BMI_Category_Obese_Class1,Micro,0.023007065
Asian,178,BMI_Category_Obese_Class2,Micro,0.0072411573
Asian,179,BMI_Category_Obese_Class3,Micro,0.021932611
Asian,180,BMI_Category_Overweight,Micro,0.017603623
Asian,181,BMI_Category_Underweight,Micro,0.06404203
Asian,182,COUNTY_NAME_Bell,Meso,0.02842324
Asian,183,COUNTY_NAME_Bexar,Meso,0.026266782
Asian,184,COUNTY_NAME_Brazoria,Meso,0.06508395
Asian,185,COUNTY_NAME_Cameron,Meso,0.02302338
Asian,186,COUNTY_NAME_Collin,Meso,0.09023731
Asian,187,COUNTY_NAME_Dallas,Meso,0.049103968
Asian,188,COUNTY_NAME_Denton,Meso,0.099561825
Asian,189,COUNTY_NAME_El_Paso,Meso,0.022204008
Asian,190,COUNTY_NAME_Fort_Bend,Meso,0.15439466
Asian,191,COUNTY_NAME_Galveston,Meso,0.024811037
Asian,192,COUNTY_NAME_Harris,Meso,0.037580006
Asian,193,COUNTY_NAME_Hidalgo,Meso,0.022667648
Asian,194,COUNTY_NAME_Jefferson,Meso,0.03781045
Asian,195,COUNTY_NAME_Lubbock,Meso,0.014558903
Asian,196,COUNTY_NAME_McLennan,Meso,0.015320615
Asian,197,COUNTY_NAME_Montgomery,Meso,0.021931885
Asian,198,COUNTY_NAME_Nueces,Meso,0.02986814
Asian,199,COUNTY_NAME_Smith,Meso,0.012104082
Asian,200,COUNTY_NAME_Tarrant,Meso,0.024835048
Asian,201,COUNTY_NAME_Travis,Meso,0.061042335
Asian,202,COUNTY_NAME_Williamson,Meso,0.048482556
Black_or_African_American,0,Age,Micro,0.11582423
Black_or_African_American,1,Asian,Micro,0.060208023
Black_or_African_American,2,Black_or_African_American,Micro,1.0
Black_or_African_American,3,Hispanic_or_Latino,Micro,0.0
Black_or_African_American,4,White,Micro,0.15219182
Black_or_African_American,5,Days_Cared_For,Micro,0.14322986
Black_or_African_American,6,BMI,Micro,0.15505712
Black_or_African_American,7,POP_URB,Meso,0.11891231
Black_or_African_American,8,POPPCT_URB,Meso,0.080341995
Black_or_African_American,9,POP_RUR,Meso,0.045009032
Black_or_African_American,10,POPPCT_RUR,Meso,0.05726964
Black_or_African_American,11,ACS_PCT_BACHELOR_DGR,Meso,0.10093153
Black_or_African_American,12,ACS_PCT_COLLEGE_ASSOCIATE_DGR,Meso,0.04734792
Black_or_African_American,13,ACS_PCT_GRADUATE_DGR,Meso,0.10415956
Black_or_African_American,14,ACS_PCT_HS_GRADUATE,Meso,0.15221891
Black_or_African_American,15,ACS_PCT_LT_HS,Meso,0.08224287
Black_or_African_American,16,ACS_PCT_NO_WORK_NO_SCHL_16_19,Meso,0.123398624
Black_or_African_American,17,ACS_PCT_POSTHS_ED,Meso,0.04571536
Black_or_African_American,18,ACS_PCT_VET_BACHELOR,Meso,0.06470677
Black_or_African_American,19,ACS_PCT_VET_COLLEGE,Meso,0.10623657
Black_or_African_American,20,ACS_PCT_VET_HS,Meso,0.08856564
Black_or_African_American,21,ACS_PCT_HH_LIMIT_ENGLISH,Meso,0.029915767
Black_or_African_American,22,ACS_PCT_HH_BROADBAND,Meso,0.095983446
Black_or_African_American,23,ACS_PCT_HH_BROADBAND_ONLY,Meso,0.14701116
Black_or_African_American,24,ACS_PCT_HH_CELLULAR,Meso,0.07733298
Black_or_African_American,25,ACS_PCT_HH_CELLULAR_ONLY,Meso,0.15339968
Black_or_African_American,26,ACS_PCT_HH_DIAL_INTERNET_ONLY,Meso,0.074879706
Black_or_African_American,27,ACS_PCT_HH_INTERNET,Meso,0.09543682
Black_or_African_American,28,ACS_PCT_HH_INTERNET_NO_SUBS,Meso,0.049439367
Black_or_African_American,29,ACS_PCT_HH_NO_COMP_DEV,Meso,0.06661386
Black_or_African_American,30,ACS_PCT_HH_NO_INTERNET,Meso,0.07160393
Black_or_African_American,31,ACS_PCT_HH_OTHER_COMP,Meso,0.19548056
Black_or_African_American,32,ACS_PCT_HH_PC,Meso,0.092832945
Black_or_African_American,33,ACS_PCT_HH_PC_ONLY,Meso,0.058588568
Black_or_African_American,34,ACS_PCT_HH_SAT_INTERNET,Meso,0.09596434
Black_or_African_American,35,ACS_PCT_HH_SMARTPHONE,Meso,0.097761266
Black_or_African_American,36,ACS_PCT_HH_SMARTPHONE_ONLY,Meso,0.09185341
Black_or_African_American,37,ACS_PCT_HH_TABLET,Meso,0.09423983
Black_or_African_American,38,ACS_PCT_HH_TABLET_ONLY,Meso,0.08563726
Black_or_African_American,39,ACS_PCT_CHILDREN_GRANDPARENT,Meso,0.09227632
Black_or_African_American,40,ACS_PCT_CHILD_1FAM,Meso,0.11486646
Black_or_African_American,41,ACS_PCT_GRANDP_NO_RESPS,Meso,0.083188646
Black_or_African_American,42,ACS_PCT_GRANDP_RESPS_NO_P,Meso,0.11766646
Black_or_African_American,43,ACS_PCT_GRANDP_RESPS_P,Meso,0.11759139
Black_or_African_American,44,ACS_PCT_HH_1PERS,Meso,0.10667791
Black_or_African_American,45,ACS_PCT_HH_ABOVE65,Meso,0.16448863
Black_or_African_American,46,ACS_PCT_HH_ALONE_ABOVE65,Meso,0.07679613
Black_or_African_American,47,ACS_TOT_GRANDCHILDREN_GP,Meso,0.1367063
Black_or_African_American,48,ACS_PCT_HEALTH_INC_138_199,Meso,0.041186403
Black_or_African_American,49,ACS_PCT_HEALTH_INC_200_399,Meso,0.044545695
Black_or_African_American,50,ACS_PCT_HEALTH_INC_ABOVE400,Meso,0.103913896
Black_or_African_American,51,ACS_PCT_HEALTH_INC_BELOW137,Meso,0.04718666
Black_or_African_American,52,ACS_PCT_HH_1FAM_FOOD_STMP,Meso,0.045187168
Black_or_African_American,53,ACS_PCT_HH_FOOD_STMP_BLW_POV,Meso,0.04627487
Black_or_African_American,54,ACS_PCT_HH_NO_FD_STMP_BLW_POV,Meso,0.03189638
Black_or_African_American,55,ACS_PCT_HH_PUB_ASSIST,Meso,0.093312494
Black_or_African_American,56,ACS_PCT_INC50,Meso,0.108013056
Black_or_African_American,57,ACS_PCT_INC50_ABOVE65,Meso,0.06049233
Black_or_African_American,58,ACS_PCT_NONVET_POV_18_64,Meso,0.022548826
Black_or_African_American,59,ACS_PCT_PERSON_INC_100_124,Meso,0.06273082
Black_or_African_American,60,ACS_PCT_PERSON_INC_125_199,Meso,0.121265195
Black_or_African_American,61,ACS_PCT_PERSON_INC_ABOVE200,Meso,0.06295472
Black_or_African_American,62,ACS_PCT_PERSON_INC_BELOW99,Meso,0.05047865
Black_or_African_American,63,ACS_PCT_POV_AIAN,Meso,0.1151832
Black_or_African_American,64,ACS_PCT_POV_ASIAN,Meso,0.09996977
Black_or_African_American,65,ACS_PCT_POV_BLACK,Meso,0.12918188
Black_or_African_American,66,ACS_PCT_POV_HISPANIC,Meso,0.081203364
Black_or_African_American,67,ACS_PCT_POV_MULTI,Meso,0.11880503
Black_or_African_American,68,ACS_PCT_POV_NHPI,Meso,0.13747971
Black_or_African_American,69,ACS_PCT_POV_OTHER,Meso,0.05867253
Black_or_African_American,70,ACS_PCT_POV_WHITE,Meso,0.1205602
Black_or_African_American,71,ACS_PCT_VET_POV_18_64,Meso,0.12850842
Black_or_African_American,72,ACS_TOT_POP_POV,Meso,0.10363825
Black_or_African_American,73,Primary_Diagnosis_ICD_10_C_M_Code_ICD_Group_E11_621,Micro,0.23879594
Black_or_African_American,74,Primary_Diagnosis_ICD_10_C_M_Code_ICD_Group_I50_22,Micro,0.18844612
Black_or_African_American,75,Primary_Diagnosis_ICD_10_C_M_Code_ICD_Group_I69_351,Micro,0.19485329
Black_or_African_American,76,Primary_Diagnosis_ICD_10_C_M_Code_ICD_Group_L03_115,Micro,0.21568294
Black_or_African_American,77,Primary_Diagnosis_ICD_10_C_M_Code_ICD_Group_M25_561,Micro,0.13330258
Black_or_African_American,78,Primary_Diagnosis_ICD_10_C_M_Code_ICD_Group_S72_001D,Micro,0.054948524
Black_or_African_American,79,Primary_Diagnosis_ICD_10_C_M_Code_ICD_Group_T81_4XXD,Micro,0.20700929
Black_or_African_American,80,Primary_Diagnosis_ICD_10_C_M_Code_ICD_Group_Z47_1,Micro,0.0982688
Black_or_African_American,81,Primary_Diagnosis_ICD_10_C_M_Code_ICD_Group_Z48_812,Micro,0.1075646
Black_or_African_American,82,Other_Diagnosis_Code_1_ICD_10_C_M_ICD_Group_I10,Micro,0.14526178
Black_or_African_American,83,Other_Diagnosis_Code_1_ICD_10_C_M_ICD_Group_I69_351,Micro,0.11769778
Black_or_African_American,84,Other_Diagnosis_Code_1_ICD_10_C_M_ICD_Group_L03_116,Micro,0.16007029
Black_or_African_American,85,Other_Diagnosis_Code_1_ICD_10_C_M_ICD_Group_S22_42XD,Micro,0.04297089
Black_or_African_American,86,Other_Diagnosis_Code_1_ICD_10_C_M_ICD_Group_Z96_651,Micro,0.15057969
Black_or_African_American,87,Other_Diagnosis_Code_2_ICD_10_C_M_ICD_Group_B96_20,Micro,0.16362637
Black_or_African_American,88,Other_Diagnosis_Code_2_ICD_10_C_M_ICD_Group_E11_22,Micro,0.16223104
Black_or_African_American,89,Other_Diagnosis_Code_2_ICD_10_C_M_ICD_Group_F03_90,Micro,0.16551836
Black_or_African_American,90,Other_Diagnosis_Code_2_ICD_10_C_M_ICD_Group_I10,Micro,0.15043487
Black_or_African_American,91,Other_Diagnosis_Code_2_ICD_10_C_M_ICD_Group_I25_10,Micro,0.22093022
Black_or_African_American,92,Other_Diagnosis_Code_2_ICD_10_C_M_ICD_Group_I48_91,Micro,0.081011236
Black_or_African_American,93,Other_Diagnosis_Code_2_ICD_10_C_M_ICD_Group_I50_32,Micro,0.12105752
Black_or_African_American,94,Other_Diagnosis_Code_2_ICD_10_C_M_ICD_Group_I50_9,Micro,0.11273814
Black_or_African_American,95,Other_Diagnosis_Code_2_ICD_10_C_M_ICD_Group_I69_354,Micro,0.23655346
Black_or_African_American,96,Other_Diagnosis_Code_2_ICD_10_C_M_ICD_Group_M19_90,Micro,0.1390092
Black_or_African_American,97,Other_Diagnosis_Code_2_ICD_10_C_M_ICD_Group_M25_561,Micro,0.16511545
Black_or_African_American,98,Other_Diagnosis_Code_2_ICD_10_C_M_ICD_Group_M48_06,Micro,0.092239894
Black_or_African_American,99,Other_Diagnosis_Code_2_ICD_10_C_M_ICD_Group_M62_81,Micro,0.07974828
Black_or_African_American,100,Other_Diagnosis_Code_2_ICD_10_C_M_ICD_Group_R26_89,Micro,0.16469254
Black_or_African_American,101,Other_Diagnosis_Code_2_ICD_10_C_M_ICD_Group_Z79_82,Micro,0.140122
Black_or_African_American,102,Other_Diagnosis_Code_3_ICD_10_C_M_ICD_Group_E11_22,Micro,0.115077026
Black_or_African_American,103,Other_Diagnosis_Code_3_ICD_10_C_M_ICD_Group_I10,Micro,0.09989958
Black_or_African_American,104,Other_Diagnosis_Code_3_ICD_10_C_M_ICD_Group_I25_10,Micro,0.13831842
Black_or_African_American,105,Other_Diagnosis_Code_3_ICD_10_C_M_ICD_Group_I48_91,Micro,0.19339088
Black_or_African_American,106,Other_Diagnosis_Code_3_ICD_10_C_M_ICD_Group_I50_32,Micro,0.1833823
Black_or_African_American,107,Other_Diagnosis_Code_3_ICD_10_C_M_ICD_Group_I50_9,Micro,0.09046829
Black_or_African_American,108,Other_Diagnosis_Code_3_ICD_10_C_M_ICD_Group_I69_354,Micro,0.1527329
Black_or_African_American,109,Other_Diagnosis_Code_3_ICD_10_C_M_ICD_Group_M62_81,Micro,0.13192345
Black_or_African_American,110,Other_Diagnosis_Code_3_ICD_10_C_M_ICD_Group_R26_89,Micro,0.16588396
Black_or_African_American,111,Other_Diagnosis_Code_3_ICD_10_C_M_ICD_Group_Z79_01,Micro,0.16493997
Black_or_African_American,112,Other_Diagnosis_Code_3_ICD_10_C_M_ICD_Group_Z91_81,Micro,0.14466028
Black_or_African_American,113,Other_Diagnosis_Code_4_ICD_10_C_M_ICD_Group_E11_22,Micro,0.12387417
Black_or_African_American,114,Other_Diagnosis_Code_4_ICD_10_C_M_ICD_Group_F03_90,Micro,0.12725101
Black_or_African_American,115,Other_Diagnosis_Code_4_ICD_10_C_M_ICD_Group_G47_33,Micro,0.12104663
Black_or_African_American,116,Other_Diagnosis_Code_4_ICD_10_C_M_ICD_Group_I10,Micro,0.13608037
Black_or_African_American,117,Other_Diagnosis_Code_4_ICD_10_C_M_ICD_Group_I25_10,Micro,0.11303511
Black_or_African_American,118,Other_Diagnosis_Code_4_ICD_10_C_M_ICD_Group_I50_32,Micro,0.15372841
Black_or_African_American,119,Other_Diagnosis_Code_4_ICD_10_C_M_ICD_Group_K59_00,Micro,0.17633855
Black_or_African_American,120,Other_Diagnosis_Code_4_ICD_10_C_M_ICD_Group_M62_81,Micro,0.24576151
Black_or_African_American,121,Other_Diagnosis_Code_4_ICD_10_C_M_ICD_Group_R26_89,Micro,0.1641981
Black_or_African_American,122,Other_Diagnosis_Code_4_ICD_10_C_M_ICD_Group_Z48_01,Micro,0.2556164
Black_or_African_American,123,Other_Diagnosis_Code_4_ICD_10_C_M_ICD_Group_Z79_01,Micro,0.10978843
Black_or_African_American,124,Other_Diagnosis_Code_4_ICD_10_C_M_ICD_Group_Z87_891,Micro,0.109037235
Black_or_African_American,125,Other_Diagnosis_Code_4_ICD_10_C_M_ICD_Group_Z91_81,Micro,0.13703191
Black_or_African_American,126,Other_Diagnosis_Code_5_ICD_10_C_M_ICD_Group_E11_22,Micro,0.23502441
Black_or_African_American,127,Other_Diagnosis_Code_5_ICD_10_C_M_ICD_Group_E66_01,Micro,0.16625668
Black_or_African_American,128,Other_Diagnosis_Code_5_ICD_10_C_M_ICD_Group_F03_90,Micro,0.158587
Black_or_African_American,129,Other_Diagnosis_Code_5_ICD_10_C_M_ICD_Group_G47_33,Micro,0.13141881
Black_or_African_American,130,Other_Diagnosis_Code_5_ICD_10_C_M_ICD_Group_I10,Micro,0.08282304
Black_or_African_American,131,Other_Diagnosis_Code_5_ICD_10_C_M_ICD_Group_I25_10,Micro,0.07513003
Black_or_African_American,132,Other_Diagnosis_Code_5_ICD_10_C_M_ICD_Group_M54_5,Micro,0.14003181
Black_or_African_American,133,Other_Diagnosis_Code_5_ICD_10_C_M_ICD_Group_M62_81,Micro,0.21735236
Black_or_African_American,134,Other_Diagnosis_Code_5_ICD_10_C_M_ICD_Group_Z48_00,Micro,0.10208898
Black_or_African_American,135,Other_Diagnosis_Code_5_ICD_10_C_M_ICD_Group_Z79_01,Micro,0.14280117
Black_or_African_American,136,Other_Diagnosis_Code_5_ICD_10_C_M_ICD_Group_Z91_81,Micro,0.15255874
Black_or_African_American,137,Other_Diagnosis_Code_5_ICD_10_C_M_ICD_Group_Z99_81,Micro,0.14541459
Black_or_African_American,138,Submitted_HIPPS_Code_1AFKS,Macro,0.24256748
Black_or_African_American,139,Submitted_HIPPS_Code_1AGKS,Macro,0.11476029
Black_or_African_American,140,Submitted_HIPPS_Code_1AHKS,Macro,0.12360519
Black_or_African_American,141,Submitted_HIPPS_Code_1BGKS,Macro,0.2158664
Black_or_African_American,142,Submitted_HIPPS_Code_1BGMS,Macro,0.21731816
Black_or_African_American,143,Submitted_HIPPS_Code_1BGPS,Macro,0.13118914
Black_or_African_American,144,Submitted_HIPPS_Code_1BHKS,Macro,0.10816498
Black_or_African_American,145,Submitted_HIPPS_Code_1BHMS,Macro,0.11383028
Black_or_African_American,146,Submitted_HIPPS_Code_1BHNS,Macro,0.19213681
Black_or_African_American,147,Submitted_HIPPS_Code_1BHPS,Macro,0.19661868
Black_or_African_American,148,Submitted_HIPPS_Code_1CGKS,Macro,0.20758413
Black_or_African_American,149,Submitted_HIPPS_Code_1CGKT,Macro,0.121365145
Black_or_African_American,150,Submitted_HIPPS_Code_1CGMS,Macro,0.11887611
Black_or_African_American,151,Submitted_HIPPS_Code_1CGPS,Macro,0.20540161
Black_or_African_American,152,Submitted_HIPPS_Code_1CHKS,Macro,0.1944326
Black_or_African_American,153,Submitted_HIPPS_Code_1CHKT,Macro,0.19819082
Black_or_African_American,154,Submitted_HIPPS_Code_1CHKU,Macro,0.11143365
Black_or_African_American,155,Submitted_HIPPS_Code_1CHMS,Macro,0.12125275
Black_or_African_American,156,Submitted_HIPPS_Code_1CHNS,Macro,0.12064371
Black_or_African_American,157,Submitted_HIPPS_Code_1CHPS,Macro,0.08393118
Black_or_African_American,158,Submitted_HIPPS_Code_1CHPT,Macro,0.06760361
Black_or_African_American,159,Submitted_HIPPS_Code_2AFKS,Macro,0.09828679
Black_or_African_American,160,Submitted_HIPPS_Code_2AFLS,Macro,0.10240306
Black_or_African_American,161,Submitted_HIPPS_Code_2BFKS,Macro,0.15478435
Black_or_African_American,162,Submitted_HIPPS_Code_2BFLS,Macro,0.17541233
Black_or_African_American,163,Submitted_HIPPS_Code_2BFMS,Macro,0.1684192
Black_or_African_American,164,Submitted_HIPPS_Code_2BGLS,Macro,0.12854551
Black_or_African_American,165,Submitted_HIPPS_Code_5AGKS,Macro,0.06578115
Black_or_African_American,166,Submitted_HIPPS_Code_5AHKS,Macro,0.0714751
Black_or_African_American,167,Submitted_HIPPS_Code_5BHKS,Macro,0.1649142
Black_or_African_American,168,Gender_Female,Micro,0.20934862
Black_or_African_American,169,Gender_Male,Micro,0.095354185
Black_or_African_American,170,ByDiscipline_PT,Micro,0.15038556
Black_or_African_American,171,ByDiscipline_RN,Micro,0.16992693
Black_or_African_American,172,Agency_Medicare_Number_453157,Macro,0.23797323
Black_or_African_American,173,Agency_Medicare_Number_457741,Macro,0.1866403
Black_or_African_American,174,Agency_Medicare_Number_678191,Macro,0.029286288
Black_or_African_American,175,Agency_Medicare_Number_679044,Macro,0.09366632
Black_or_African_American,176,BMI_Category_Normal_weight,Micro,0.14815818
Black_or_African_American,177,BMI_Category_Obese_Class1,Micro,0.12034674
Black_or_African_American,178,BMI_Category_Obese_Class2,Micro,0.11363349
Black_or_African_American,179,BMI_Category_Obese_Class3,Micro,0.28192076
Black_or_African_American,180,BMI_Category_Overweight,Micro,0.07845223
Black_or_African_American,181,BMI_Category_Underweight,Micro,0.15904233
Black_or_African_American,182,COUNTY_NAME_Bell,Meso,0.15063922
Black_or_African_American,183,COUNTY_NAME_Bexar,Meso,0.111461855
Black_or_African_American,184,COUNTY_NAME_Brazoria,Meso,0.20132533
Black_or_African_American,185,COUNTY_NAME_Cameron,Meso,0.058641434
Black_or_African_American,186,COUNTY_NAME_Collin,Meso,0.09564316
Black_or_African_American,187,COUNTY_NAME_Dallas,Meso,0.24715686
Black_or_African_American,188,COUNTY_NAME_Denton,Meso,0.13923043
Black_or_African_American,189,COUNTY_NAME_El_Paso,Meso,0.08809786
Black_or_African_American,190,COUNTY_NAME_Fort_Bend,Meso,0.27254343
Black_or_African_American,191,COUNTY_NAME_Galveston,Meso,0.20440431
Black_or_African_American,192,COUNTY_NAME_Harris,Meso,0.15808368
Black_or_African_American,193,COUNTY_NAME_Hidalgo,Meso,0.09297043
Black_or_African_American,194,COUNTY_NAME_Jefferson,Meso,0.3888863
Black_or_African_American,195,COUNTY_NAME_Lubbock,Meso,0.097279936
Black_or_African_American,196,COUNTY_NAME_McLennan,Meso,0.16904113
Black_or_African_American,197,COUNTY_NAME_Montgomery,Meso,0.051960833
Black_or_African_American,198,COUNTY_NAME_Nueces,Meso,0.14219257
Black_or_African_American,199,COUNTY_NAME_Smith,Meso,0.1695933
Black_or_African_American,200,COUNTY_NAME_Tarrant,Meso,0.12596829
Black_or_African_American,201,COUNTY_NAME_Travis,Meso,0.21220636
Black_or_African_American,202,COUNTY_NAME_Williamson,Meso,0.11920706
Hispanic_or_Latino,0,Age,Micro,0.13558196
Hispanic_or_Latino,1,Asian,Micro,0.08038909
Hispanic_or_Latino,2,Black_or_African_American,Micro,0.0
Hispanic_or_Latino,3,Hispanic_or_Latino,Micro,0.23437893
Hispanic_or_Latino,4,White,Micro,0.24840161
Hispanic_or_Latino,5,Days_Cared_For,Micro,0.17666183
Hispanic_or_Latino,6,BMI,Micro,0.13548738
Hispanic_or_Latino,7,POP_URB,Meso,0.091200195
Hispanic_or_Latino,8,POPPCT_URB,Meso,0.084041804
Hispanic_or_Latino,9,POP_RUR,Meso,0.11404425
Hispanic_or_Latino,10,POPPCT_RUR,Meso,0.04972584
Hispanic_or_Latino,11,ACS_PCT_BACHELOR_DGR,Meso,0.14351311
Hispanic_or_Latino,12,ACS_PCT_COLLEGE_ASSOCIATE_DGR,Meso,0.09967164
Hispanic_or_Latino,13,ACS_PCT_GRADUATE_DGR,Meso,0.24757363
Hispanic_or_Latino,14,ACS_PCT_HS_GRADUATE,Meso,0.16944517
Hispanic_or_Latino,15,ACS_PCT_LT_HS,Meso,0.7016462
Hispanic_or_Latino,16,ACS_PCT_NO_WORK_NO_SCHL_16_19,Meso,0.21324088
Hispanic_or_Latino,17,ACS_PCT_POSTHS_ED,Meso,0.09272712
Hispanic_or_Latino,18,ACS_PCT_VET_BACHELOR,Meso,0.09922165
Hispanic_or_Latino,19,ACS_PCT_VET_COLLEGE,Meso,0.20200846
Hispanic_or_Latino,20,ACS_PCT_VET_HS,Meso,0.18025385
Hispanic_or_Latino,21,ACS_PCT_HH_LIMIT_ENGLISH,Meso,0.34041423
Hispanic_or_Latino,22,ACS_PCT_HH_BROADBAND,Meso,0.11707003
Hispanic_or_Latino,23,ACS_PCT_HH_BROADBAND_ONLY,Meso,0.37837344
Hispanic_or_Latino,24,ACS_PCT_HH_CELLULAR,Meso,0.28089747
Hispanic_or_Latino,25,ACS_PCT_HH_CELLULAR_ONLY,Meso,0.15349989
Hispanic_or_Latino,26,ACS_PCT_HH_DIAL_INTERNET_ONLY,Meso,0.09269997
Hispanic_or_Latino,27,ACS_PCT_HH_INTERNET,Meso,0.33081764
Hispanic_or_Latino,28,ACS_PCT_HH_INTERNET_NO_SUBS,Meso,0.46134597
Hispanic_or_Latino,29,ACS_PCT_HH_NO_COMP_DEV,Meso,0.24279974
Hispanic_or_Latino,30,ACS_PCT_HH_NO_INTERNET,Meso,0.22355653
Hispanic_or_Latino,31,ACS_PCT_HH_OTHER_COMP,Meso,0.2098783
Hispanic_or_Latino,32,ACS_PCT_HH_PC,Meso,0.34880453
Hispanic_or_Latino,33,ACS_PCT_HH_PC_ONLY,Meso,0.2018605
Hispanic_or_Latino,34,ACS_PCT_HH_SAT_INTERNET,Meso,0.11821774
Hispanic_or_Latino,35,ACS_PCT_HH_SMARTPHONE,Meso,0.18575443
Hispanic_or_Latino,36,ACS_PCT_HH_SMARTPHONE_ONLY,Meso,0.17376755
Hispanic_or_Latino,37,ACS_PCT_HH_TABLET,Meso,0.15715048
Hispanic_or_Latino,38,ACS_PCT_HH_TABLET_ONLY,Meso,0.10605086
Hispanic_or_Latino,39,ACS_PCT_CHILDREN_GRANDPARENT,Meso,0.2627666
Hispanic_or_Latino,40,ACS_PCT_CHILD_1FAM,Meso,0.2464784
Hispanic_or_Latino,41,ACS_PCT_GRANDP_NO_RESPS,Meso,0.2709476
Hispanic_or_Latino,42,ACS_PCT_GRANDP_RESPS_NO_P,Meso,0.17081895
Hispanic_or_Latino,43,ACS_PCT_GRANDP_RESPS_P,Meso,0.21309261
Hispanic_or_Latino,44,ACS_PCT_HH_1PERS,Meso,0.20605992
Hispanic_or_Latino,45,ACS_PCT_HH_ABOVE65,Meso,0.19681753
Hispanic_or_Latino,46,ACS_PCT_HH_ALONE_ABOVE65,Meso,0.10984849
Hispanic_or_Latino,47,ACS_TOT_GRANDCHILDREN_GP,Meso,0.2962149
Hispanic_or_Latino,48,ACS_PCT_HEALTH_INC_138_199,Meso,0.088839486
Hispanic_or_Latino,49,ACS_PCT_HEALTH_INC_200_399,Meso,0.07999889
Hispanic_or_Latino,50,ACS_PCT_HEALTH_INC_ABOVE400,Meso,0.20578931
Hispanic_or_Latino,51,ACS_PCT_HEALTH_INC_BELOW137,Meso,0.20974894
Hispanic_or_Latino,52,ACS_PCT_HH_1FAM_FOOD_STMP,Meso,0.37349766
Hispanic_or_Latino,53,ACS_PCT_HH_FOOD_STMP_BLW_POV,Meso,0.45923847
Hispanic_or_Latino,54,ACS_PCT_HH_NO_FD_STMP_BLW_POV,Meso,0.07277308
Hispanic_or_Latino,55,ACS_PCT_HH_PUB_ASSIST,Meso,0.4438295
Hispanic_or_Latino,56,ACS_PCT_INC50,Meso,0.35296032
Hispanic_or_Latino,57,ACS_PCT_INC50_ABOVE65,Meso,0.18757911
Hispanic_or_Latino,58,ACS_PCT_NONVET_POV_18_64,Meso,0.20628965
Hispanic_or_Latino,59,ACS_PCT_PERSON_INC_100_124,Meso,0.19993758
Hispanic_or_Latino,60,ACS_PCT_PERSON_INC_125_199,Meso,0.2842448
Hispanic_or_Latino,61,ACS_PCT_PERSON_INC_ABOVE200,Meso,0.21385837
Hispanic_or_Latino,62,ACS_PCT_PERSON_INC_BELOW99,Meso,0.30043232
Hispanic_or_Latino,63,ACS_PCT_POV_AIAN,Meso,0.25901228
Hispanic_or_Latino,64,ACS_PCT_POV_ASIAN,Meso,0.19308671
Hispanic_or_Latino,65,ACS_PCT_POV_BLACK,Meso,0.2494334
Hispanic_or_Latino,66,ACS_PCT_POV_HISPANIC,Meso,0.18043323
Hispanic_or_Latino,67,ACS_PCT_POV_MULTI,Meso,0.28569698
Hispanic_or_Latino,68,ACS_PCT_POV_NHPI,Meso,0.19849089
Hispanic_or_Latino,69,ACS_PCT_POV_OTHER,Meso,0.18461831
Hispanic_or_Latino,70,ACS_PCT_POV_WHITE,Meso,0.31647158
Hispanic_or_Latino,71,ACS_PCT_VET_POV_18_64,Meso,0.255477
Hispanic_or_Latino,72,ACS_TOT_POP_POV,Meso,0.14704989
Hispanic_or_Latino,73,Primary_Diagnosis_ICD_10_C_M_Code_ICD_Group_E11_621,Micro,0.45094824
Hispanic_or_Latino,74,Primary_Diagnosis_ICD_10_C_M_Code_ICD_Group_I50_22,Micro,0.17944568
Hispanic_or_Latino,75,Primary_Diagnosis_ICD_10_C_M_Code_ICD_Group_I69_351,Micro,0.2245816
Hispanic_or_Latino,76,Primary_Diagnosis_ICD_10_C_M_Code_ICD_Group_L03_115,Micro,0.30979156
Hispanic_or_Latino,77,Primary_Diagnosis_ICD_10_C_M_Code_ICD_Group_M25_561,Micro,0.19729559
Hispanic_or_Latino,78,Primary_Diagnosis_ICD_10_C_M_Code_ICD_Group_S72_001D,Micro,0.12262339
Hispanic_or_Latino,79,Primary_Diagnosis_ICD_10_C_M_Code_ICD_Group_T81_4XXD,Micro,0.28544438
Hispanic_or_Latino,80,Primary_Diagnosis_ICD_10_C_M_Code_ICD_Group_Z47_1,Micro,0.15596066
Hispanic_or_Latino,81,Primary_Diagnosis_ICD_10_C_M_Code_ICD_Group_Z48_812,Micro,0.1889901
Hispanic_or_Latino,82,Other_Diagnosis_Code_1_ICD_10_C_M_ICD_Group_I10,Micro,0.20039886
Hispanic_or_Latino,83,Other_Diagnosis_Code_1_ICD_10_C_M_ICD_Group_I69_351,Micro,0.15230642
Hispanic_or_Latino,84,Other_Diagnosis_Code_1_ICD_10_C_M_ICD_Group_L03_116,Micro,0.29111093
Hispanic_or_Latino,85,Other_Diagnosis_Code_1_ICD_10_C_M_ICD_Group_S22_42XD,Micro,0.10943297
Hispanic_or_Latino,86,Other_Diagnosis_Code_1_ICD_10_C_M_ICD_Group_Z96_651,Micro,0.20965406
Hispanic_or_Latino,87,Other_Diagnosis_Code_2_ICD_10_C_M_ICD_Group_B96_20,Micro,0.27071208
Hispanic_or_Latino,88,Other_Diagnosis_Code_2_ICD_10_C_M_ICD_Group_E11_22,Micro,0.26383558
Hispanic_or_Latino,89,Other_Diagnosis_Code_2_ICD_10_C_M_ICD_Group_F03_90,Micro,0.23832971
Hispanic_or_Latino,90,Other_Diagnosis_Code_2_ICD_10_C_M_ICD_Group_I10,Micro,0.21540542
Hispanic_or_Latino,91,Other_Diagnosis_Code_2_ICD_10_C_M_ICD_Group_I25_10,Micro,0.40362307
Hispanic_or_Latino,92,Other_Diagnosis_Code_2_ICD_10_C_M_ICD_Group_I48_91,Micro,0.11566453
Hispanic_or_Latino,93,Other_Diagnosis_Code_2_ICD_10_C_M_ICD_Group_I50_32,Micro,0.12058912
Hispanic_or_Latino,94,Other_Diagnosis_Code_2_ICD_10_C_M_ICD_Group_I50_9,Micro,0.13331033
Hispanic_or_Latino,95,Other_Diagnosis_Code_2_ICD_10_C_M_ICD_Group_I69_354,Micro,0.22769159
Hispanic_or_Latino,96,Other_Diagnosis_Code_2_ICD_10_C_M_ICD_Group_M19_90,Micro,0.16285546
Hispanic_or_Latino,97,Other_Diagnosis_Code_2_ICD_10_C_M_ICD_Group_M25_561,Micro,0.27492157
Hispanic_or_Latino,98,Other_Diagnosis_Code_2_ICD_10_C_M_ICD_Group_M48_06,Micro,0.14449333
Hispanic_or_Latino,99,Other_Diagnosis_Code_2_ICD_10_C_M_ICD_Group_M62_81,Micro,0.13238716
Hispanic_or_Latino,100,Other_Diagnosis_Code_2_ICD_10_C_M_ICD_Group_R26_89,Micro,0.21588135
Hispanic_or_Latino,101,Other_Diagnosis_Code_2_ICD_10_C_M_ICD_Group_Z79_82,Micro,0.22515394
Hispanic_or_Latino,102,Other_Diagnosis_Code_3_ICD_10_C_M_ICD_Group_E11_22,Micro,0.17276749
Hispanic_or_Latino,103,Other_Diagnosis_Code_3_ICD_10_C_M_ICD_Group_I10,Micro,0.1279452
Hispanic_or_Latino,104,Other_Diagnosis_Code_3_ICD_10_C_M_ICD_Group_I25_10,Micro,0.21490845
Hispanic_or_Latino,105,Other_Diagnosis_Code_3_ICD_10_C_M_ICD_Group_I48_91,Micro,0.266635
Hispanic_or_Latino,106,Other_Diagnosis_Code_3_ICD_10_C_M_ICD_Group_I50_32,Micro,0.16641329
Hispanic_or_Latino,107,Other_Diagnosis_Code_3_ICD_10_C_M_ICD_Group_I50_9,Micro,0.093878485
Hispanic_or_Latino,108,Other_Diagnosis_Code_3_ICD_10_C_M_ICD_Group_I69_354,Micro,0.16513836
Hispanic_or_Latino,109,Other_Diagnosis_Code_3_ICD_10_C_M_ICD_Group_M62_81,Micro,0.23585185
Hispanic_or_Latino,110,Other_Diagnosis_Code_3_ICD_10_C_M_ICD_Group_R26_89,Micro,0.21245378
Hispanic_or_Latino,111,Other_Diagnosis_Code_3_ICD_10_C_M_ICD_Group_Z79_01,Micro,0.33007327
Hispanic_or_Latino,112,Other_Diagnosis_Code_3_ICD_10_C_M_ICD_Group_Z91_81,Micro,0.2240532
Hispanic_or_Latino,113,Other_Diagnosis_Code_4_ICD_10_C_M_ICD_Group_E11_22,Micro,0.18719837
Hispanic_or_Latino,114,Other_Diagnosis_Code_4_ICD_10_C_M_ICD_Group_F03_90,Micro,0.19068848
Hispanic_or_Latino,115,Other_Diagnosis_Code_4_ICD_10_C_M_ICD_Group_G47_33,Micro,0.13470423
Hispanic_or_Latino,116,Other_Diagnosis_Code_4_ICD_10_C_M_ICD_Group_I10,Micro,0.19958583
Hispanic_or_Latino,117,Other_Diagnosis_Code_4_ICD_10_C_M_ICD_Group_I25_10,Micro,0.1803533
Hispanic_or_Latino,118,Other_Diagnosis_Code_4_ICD_10_C_M_ICD_Group_I50_32,Micro,0.15594327
Hispanic_or_Latino,119,Other_Diagnosis_Code_4_ICD_10_C_M_ICD_Group_K59_00,Micro,0.22021347
Hispanic_or_Latino,120,Other_Diagnosis_Code_4_ICD_10_C_M_ICD_Group_M62_81,Micro,0.3821241
Hispanic_or_Latino,121,Other_Diagnosis_Code_4_ICD_10_C_M_ICD_Group_R26_89,Micro,0.18004273
Hispanic_or_Latino,122,Other_Diagnosis_Code_4_ICD_10_C_M_ICD_Group_Z48_01,Micro,0.6335012
Hispanic_or_Latino,123,Other_Diagnosis_Code_4_ICD_10_C_M_ICD_Group_Z79_01,Micro,0.20138396
Hispanic_or_Latino,124,Other_Diagnosis_Code_4_ICD_10_C_M_ICD_Group_Z87_891,Micro,0.16432533
Hispanic_or_Latino,125,Other_Diagnosis_Code_4_ICD_10_C_M_ICD_Group_Z91_81,Micro,0.21922441
Hispanic_or_Latino,126,Other_Diagnosis_Code_5_ICD_10_C_M_ICD_Group_E11_22,Micro,0.31827217
Hispanic_or_Latino,127,Other_Diagnosis_Code_5_ICD_10_C_M_ICD_Group_E66_01,Micro,0.32516575
Hispanic_or_Latino,128,Other_Diagnosis_Code_5_ICD_10_C_M_ICD_Group_F03_90,Micro,0.20884834
Hispanic_or_Latino,129,Other_Diagnosis_Code_5_ICD_10_C_M_ICD_Group_G47_33,Micro,0.13757718
Hispanic_or_Latino,130,Other_Diagnosis_Code_5_ICD_10_C_M_ICD_Group_I10,Micro,0.12829055
Hispanic_or_Latino,131,Other_Diagnosis_Code_5_ICD_10_C_M_ICD_Group_I25_10,Micro,0.11049617
Hispanic_or_Latino,132,Other_Diagnosis_Code_5_ICD_10_C_M_ICD_Group_M54_5,Micro,0.14381972
Hispanic_or_Latino,133,Other_Diagnosis_Code_5_ICD_10_C_M_ICD_Group_M62_81,Micro,0.29022804
Hispanic_or_Latino,134,Other_Diagnosis_Code_5_ICD_10_C_M_ICD_Group_Z48_00,Micro,0.14920193
Hispanic_or_Latino,135,Other_Diagnosis_Code_5_ICD_10_C_M_ICD_Group_Z79_01,Micro,0.2546112
Hispanic_or_Latino,136,Other_Diagnosis_Code_5_ICD_10_C_M_ICD_Group_Z91_81,Micro,0.20139281
Hispanic_or_Latino,137,Other_Diagnosis_Code_5_ICD_10_C_M_ICD_Group_Z99_81,Micro,0.20421968
Hispanic_or_Latino,138,Submitted_HIPPS_Code_1AFKS,Macro,0.46969417
Hispanic_or_Latino,139,Submitted_HIPPS_Code_1AGKS,Macro,0.18763311
Hispanic_or_Latino,140,Submitted_HIPPS_Code_1AHKS,Macro,0.17177843
Hispanic_or_Latino,141,Submitted_HIPPS_Code_1BGKS,Macro,0.38327426
Hispanic_or_Latino,142,Submitted_HIPPS_Code_1BGMS,Macro,0.2895965
Hispanic_or_Latino,143,Submitted_HIPPS_Code_1BGPS,Macro,0.2067616
Hispanic_or_Latino,144,Submitted_HIPPS_Code_1BHKS,Macro,0.21813466
Hispanic_or_Latino,145,Submitted_HIPPS_Code_1BHMS,Macro,0.15076211
Hispanic_or_Latino,146,Submitted_HIPPS_Code_1BHNS,Macro,0.22420147
Hispanic_or_Latino,147,Submitted_HIPPS_Code_1BHPS,Macro,0.3153019
Hispanic_or_Latino,148,Submitted_HIPPS_Code_1CGKS,Macro,0.31603533
Hispanic_or_Latino,149,Submitted_HIPPS_Code_1CGKT,Macro,0.27184576
Hispanic_or_Latino,150,Submitted_HIPPS_Code_1CGMS,Macro,0.14058983
Hispanic_or_Latino,151,Submitted_HIPPS_Code_1CGPS,Macro,0.27025387
Hispanic_or_Latino,152,Submitted_HIPPS_Code_1CHKS,Macro,0.31315354
Hispanic_or_Latino,153,Submitted_HIPPS_Code_1CHKT,Macro,0.40157476
Hispanic_or_Latino,154,Submitted_HIPPS_Code_1CHKU,Macro,0.21969362
Hispanic_or_Latino,155,Submitted_HIPPS_Code_1CHMS,Macro,0.16230083
Hispanic_or_Latino,156,Submitted_HIPPS_Code_1CHNS,Macro,0.16996962
Hispanic_or_Latino,157,Submitted_HIPPS_Code_1CHPS,Macro,0.10901654
Hispanic_or_Latino,158,Submitted_HIPPS_Code_1CHPT,Macro,0.133296
Hispanic_or_Latino,159,Submitted_HIPPS_Code_2AFKS,Macro,0.14520782
Hispanic_or_Latino,160,Submitted_HIPPS_Code_2AFLS,Macro,0.17541009
Hispanic_or_Latino,161,Submitted_HIPPS_Code_2BFKS,Macro,0.16062899
Hispanic_or_Latino,162,Submitted_HIPPS_Code_2BFLS,Macro,0.20983009
Hispanic_or_Latino,163,Submitted_HIPPS_Code_2BFMS,Macro,0.17871106
Hispanic_or_Latino,164,Submitted_HIPPS_Code_2BGLS,Macro,0.14107339
Hispanic_or_Latino,165,Submitted_HIPPS_Code_5AGKS,Macro,0.09086704
Hispanic_or_Latino,166,Submitted_HIPPS_Code_5AHKS,Macro,0.07398516
Hispanic_or_Latino,167,Submitted_HIPPS_Code_5BHKS,Macro,0.13796249
Hispanic_or_Latino,168,Gender_Female,Micro,0.32849964
Hispanic_or_Latino,169,Gender_Male,Micro,0.13330637
Hispanic_or_Latino,170,ByDiscipline_PT,Micro,0.14889319
Hispanic_or_Latino,171,ByDiscipline_RN,Micro,0.15752327
Hispanic_or_Latino,172,Agency_Medicare_Number_453157,Macro,0.27815664
Hispanic_or_Latino,173,Agency_Medicare_Number_457741,Macro,0.109414056
Hispanic_or_Latino,174,Agency_Medicare_Number_678191,Macro,0.31752107
Hispanic_or_Latino,175,Agency_Medicare_Number_679044,Macro,0.17367145
Hispanic_or_Latino,176,BMI_Category_Normal_weight,Micro,0.20787454
Hispanic_or_Latino,177,BMI_Category_Obese_Class1,Micro,0.17605045
Hispanic_or_Latino,178,BMI_Category_Obese_Class2,Micro,0.16077451
Hispanic_or_Latino,179,BMI_Category_Obese_Class3,Micro,0.31163606
Hispanic_or_Latino,180,BMI_Category_Overweight,Micro,0.122440346
Hispanic_or_Latino,181,BMI_Category_Underweight,Micro,0.18042134
Hispanic_or_Latino,182,COUNTY_NAME_Bell,Meso,0.10854122
Hispanic_or_Latino,183,COUNTY_NAME_Bexar,Meso,0.28879476
Hispanic_or_Latino,184,COUNTY_NAME_Brazoria,Meso,0.19284692
Hispanic_or_Latino,185,COUNTY_NAME_Cameron,Meso,1.0
Hispanic_or_Latino,186,COUNTY_NAME_Collin,Meso,0.09158337
Hispanic_or_Latino,187,COUNTY_NAME_Dallas,Meso,0.15880889
Hispanic_or_Latino,188,COUNTY_NAME_Denton,Meso,0.12548442
Hispanic_or_Latino,189,COUNTY_NAME_El_Paso,Meso,0.44947898
Hispanic_or_Latino,190,COUNTY_NAME_Fort_Bend,Meso,0.23074299
Hispanic_or_Latino,191,COUNTY_NAME_Galveston,Meso,0.10718301
Hispanic_or_Latino,192,COUNTY_NAME_Harris,Meso,0.068648405
Hispanic_or_Latino,193,COUNTY_NAME_Hidalgo,Meso,0.6153233
Hispanic_or_Latino,194,COUNTY_NAME_Jefferson,Meso,0.07380638
Hispanic_or_Latino,195,COUNTY_NAME_Lubbock,Meso,0.2003769
Hispanic_or_Latino,196,COUNTY_NAME_McLennan,Meso,0.0956272
Hispanic_or_Latino,197,COUNTY_NAME_Montgomery,Meso,0.049074497
Hispanic_or_Latino,198,COUNTY_NAME_Nueces,Meso,0.5651011
Hispanic_or_Latino,199,COUNTY_NAME_Smith,Meso,0.04647949
Hispanic_or_Latino,200,COUNTY_NAME_Tarrant,Meso,0.07287528
Hispanic_or_Latino,201,COUNTY_NAME_Travis,Meso,0.27169567
Hispanic_or_Latino,202,COUNTY_NAME_Williamson,Meso,0.15698817
White,0,Age,Micro,0.23846985
White,1,Asian,Micro,0.18630944
White,2,Black_or_African_American,Micro,0.025172522
White,3,Hispanic_or_Latino,Micro,0.0
White,4,White,Micro,0.19522819
White,5,Days_Cared_For,Micro,0.3771573
White,6,BMI,Micro,0.3192004
White,7,POP_URB,Meso,0.23971774
White,8,POPPCT_URB,Meso,0.4278469
White,9,POP_RUR,Meso,0.26371595
White,10,POPPCT_RUR,Meso,0.32198682
White,11,ACS_PCT_BACHELOR_DGR,Meso,0.4724836
White,12,ACS_PCT_COLLEGE_ASSOCIATE_DGR,Meso,0.15282136
White,13,ACS_PCT_GRADUATE_DGR,Meso,0.51236916
White,14,ACS_PCT_HS_GRADUATE,Meso,0.5883129
White,15,ACS_PCT_LT_HS,Meso,0.3627145
White,16,ACS_PCT_NO_WORK_NO_SCHL_16_19,Meso,0.5441381
White,17,ACS_PCT_POSTHS_ED,Meso,0.22415164
White,18,ACS_PCT_VET_BACHELOR,Meso,0.2926445
White,19,ACS_PCT_VET_COLLEGE,Meso,0.40997663
White,20,ACS_PCT_VET_HS,Meso,0.42328736
White,21,ACS_PCT_HH_LIMIT_ENGLISH,Meso,0.120415784
White,22,ACS_PCT_HH_BROADBAND,Meso,0.36485696
White,23,ACS_PCT_HH_BROADBAND_ONLY,Meso,0.5027489
White,24,ACS_PCT_HH_CELLULAR,Meso,0.29038477
White,25,ACS_PCT_HH_CELLULAR_ONLY,Meso,0.6012201
White,26,ACS_PCT_HH_DIAL_INTERNET_ONLY,Meso,0.42845517
White,27,ACS_PCT_HH_INTERNET,Meso,0.38142982
White,28,ACS_PCT_HH_INTERNET_NO_SUBS,Meso,0.23151144
White,29,ACS_PCT_HH_NO_COMP_DEV,Meso,0.29045615
White,30,ACS_PCT_HH_NO_INTERNET,Meso,0.26677626
White,31,ACS_PCT_HH_OTHER_COMP,Meso,0.50274307
White,32,ACS_PCT_HH_PC,Meso,0.37302902
White,33,ACS_PCT_HH_PC_ONLY,Meso,0.305658
White,34,ACS_PCT_HH_SAT_INTERNET,Meso,0.38509187
White,35,ACS_PCT_HH_SMARTPHONE,Meso,0.38083318
White,36,ACS_PCT_HH_SMARTPHONE_ONLY,Meso,0.41112107
White,37,ACS_PCT_HH_TABLET,Meso,0.37020618
White,38,ACS_PCT_HH_TABLET_ONLY,Meso,0.3855734
White,39,ACS_PCT_CHILDREN_GRANDPARENT,Meso,0.40608147
White,40,ACS_PCT_CHILD_1FAM,Meso,0.5604705
White,41,ACS_PCT_GRANDP_NO_RESPS,Meso,0.40252942
White,42,ACS_PCT_GRANDP_RESPS_NO_P,Meso,0.49790162
White,43,ACS_PCT_GRANDP_RESPS_P,Meso,0.53694654
White,44,ACS_PCT_HH_1PERS,Meso,0.36312392
White,45,ACS_PCT_HH_ABOVE65,Meso,0.66571504
White,46,ACS_PCT_HH_ALONE_ABOVE65,Meso,0.39465386
White,47,ACS_TOT_GRANDCHILDREN_GP,Meso,0.59465796
White,48,ACS_PCT_HEALTH_INC_138_199,Meso,0.23357958
White,49,ACS_PCT_HEALTH_INC_200_399,Meso,0.25980183
White,50,ACS_PCT_HEALTH_INC_ABOVE400,Meso,0.42351174
White,51,ACS_PCT_HEALTH_INC_BELOW137,Meso,0.21947846
White,52,ACS_PCT_HH_1FAM_FOOD_STMP,Meso,0.27523243
White,53,ACS_PCT_HH_FOOD_STMP_BLW_POV,Meso,0.20962289
White,54,ACS_PCT_HH_NO_FD_STMP_BLW_POV,Meso,0.13414976
White,55,ACS_PCT_HH_PUB_ASSIST,Meso,0.37159538
White,56,ACS_PCT_INC50,Meso,0.46391964
White,57,ACS_PCT_INC50_ABOVE65,Meso,0.27636814
White,58,ACS_PCT_NONVET_POV_18_64,Meso,0.11711651
White,59,ACS_PCT_PERSON_INC_100_124,Meso,0.27676225
White,60,ACS_PCT_PERSON_INC_125_199,Meso,0.5659705
White,61,ACS_PCT_PERSON_INC_ABOVE200,Meso,0.27986702
White,62,ACS_PCT_PERSON_INC_BELOW99,Meso,0.2108511
White,63,ACS_PCT_POV_AIAN,Meso,0.57025105
White,64,ACS_PCT_POV_ASIAN,Meso,0.46291432
White,65,ACS_PCT_POV_BLACK,Meso,0.62613106
White,66,ACS_PCT_POV_HISPANIC,Meso,0.3583626
White,67,ACS_PCT_POV_MULTI,Meso,0.5596211
White,68,ACS_PCT_POV_NHPI,Meso,0.5877054
White,69,ACS_PCT_POV_OTHER,Meso,0.31670535
White,70,ACS_PCT_POV_WHITE,Meso,0.46207657
White,71,ACS_PCT_VET_POV_18_64,Meso,0.55527353
White,72,ACS_TOT_POP_POV,Meso,0.42324367
White,73,Primary_Diagnosis_ICD_10_C_M_Code_ICD_Group_E11_621,Micro,0.5854835
White,74,Primary_Diagnosis_ICD_10_C_M_Code_ICD_Group_I50_22,Micro,0.40644935
White,75,Primary_Diagnosis_ICD_10_C_M_Code_ICD_Group_I69_351,Micro,0.4969546
White,76,Primary_Diagnosis_ICD_10_C_M_Code_ICD_Group_L03_115,Micro,0.66839
White,77,Primary_Diagnosis_ICD_10_C_M_Code_ICD_Group_M25_561,Micro,0.3113496
White,78,Primary_Diagnosis_ICD_10_C_M_Code_ICD_Group_S72_001D,Micro,0.38769764
White,79,Primary_Diagnosis_ICD_10_C_M_Code_ICD_Group_T81_4XXD,Micro,0.71768457
White,80,Primary_Diagnosis_ICD_10_C_M_Code_ICD_Group_Z47_1,Micro,0.36614272
White,81,Primary_Diagnosis_ICD_10_C_M_Code_ICD_Group_Z48_812,Micro,0.45357963
White,82,Other_Diagnosis_Code_1_ICD_10_C_M_ICD_Group_I10,Micro,0.55152625
White,83,Other_Diagnosis_Code_1_ICD_10_C_M_ICD_Group_I69_351,Micro,0.3316843
White,84,Other_Diagnosis_Code_1_ICD_10_C_M_ICD_Group_L03_116,Micro,0.5187069
White,85,Other_Diagnosis_Code_1_ICD_10_C_M_ICD_Group_S22_42XD,Micro,0.41963404
White,86,Other_Diagnosis_Code_1_ICD_10_C_M_ICD_Group_Z96_651,Micro,0.60863155
White,87,Other_Diagnosis_Code_2_ICD_10_C_M_ICD_Group_B96_20,Micro,0.6307656
White,88,Other_Diagnosis_Code_2_ICD_10_C_M_ICD_Group_E11_22,Micro,0.32159927
White,89,Other_Diagnosis_Code_2_ICD_10_C_M_ICD_Group_F03_90,Micro,0.70979375
White,90,Other_Diagnosis_Code_2_ICD_10_C_M_ICD_Group_I10,Micro,0.48970044
White,91,Other_Diagnosis_Code_2_ICD_10_C_M_ICD_Group_I25_10,Micro,0.9084523
White,92,Other_Diagnosis_Code_2_ICD_10_C_M_ICD_Group_I48_91,Micro,0.5372787
White,93,Other_Diagnosis_Code_2_ICD_10_C_M_ICD_Group_I50_32,Micro,0.36080444
White,94,Other_Diagnosis_Code_2_ICD_10_C_M_ICD_Group_I50_9,Micro,0.34715423
White,95,Other_Diagnosis_Code_2_ICD_10_C_M_ICD_Group_I69_354,Micro,0.547135
White,96,Other_Diagnosis_Code_2_ICD_10_C_M_ICD_Group_M19_90,Micro,0.44641507
White,97,Other_Diagnosis_Code_2_ICD_10_C_M_ICD_Group_M25_561,Micro,0.47706863
White,98,Other_Diagnosis_Code_2_ICD_10_C_M_ICD_Group_M48_06,Micro,0.3513641
White,99,Other_Diagnosis_Code_2_ICD_10_C_M_ICD_Group_M62_81,Micro,0.3413082
White,100,Other_Diagnosis_Code_2_ICD_10_C_M_ICD_Group_R26_89,Micro,0.56125146
White,101,Other_Diagnosis_Code_2_ICD_10_C_M_ICD_Group_Z79_82,Micro,0.5423489
White,102,Other_Diagnosis_Code_3_ICD_10_C_M_ICD_Group_E11_22,Micro,0.29922992
White,103,Other_Diagnosis_Code_3_ICD_10_C_M_ICD_Group_I10,Micro,0.3166376
White,104,Other_Diagnosis_Code_3_ICD_10_C_M_ICD_Group_I25_10,Micro,0.50733393
White,105,Other_Diagnosis_Code_3_ICD_10_C_M_ICD_Group_I48_91,Micro,0.8571049
White,106,Other_Diagnosis_Code_3_ICD_10_C_M_ICD_Group_I50_32,Micro,0.5696187
White,107,Other_Diagnosis_Code_3_ICD_10_C_M_ICD_Group_I50_9,Micro,0.26806715
White,108,Other_Diagnosis_Code_3_ICD_10_C_M_ICD_Group_I69_354,Micro,0.36256737
White,109,Other_Diagnosis_Code_3_ICD_10_C_M_ICD_Group_M62_81,Micro,0.45364955
White,110,Other_Diagnosis_Code_3_ICD_10_C_M_ICD_Group_R26_89,Micro,0.5357285
White,111,Other_Diagnosis_Code_3_ICD_10_C_M_ICD_Group_Z79_01,Micro,0.61762244
White,112,Other_Diagnosis_Code_3_ICD_10_C_M_ICD_Group_Z91_81,Micro,0.63510007
White,113,Other_Diagnosis_Code_4_ICD_10_C_M_ICD_Group_E11_22,Micro,0.37916425
White,114,Other_Diagnosis_Code_4_ICD_10_C_M_ICD_Group_F03_90,Micro,0.41619492
White,115,Other_Diagnosis_Code_4_ICD_10_C_M_ICD_Group_G47_33,Micro,0.41883639
White,116,Other_Diagnosis_Code_4_ICD_10_C_M_ICD_Group_I10,Micro,0.45891646
White,117,Other_Diagnosis_Code_4_ICD_10_C_M_ICD_Group_I25_10,Micro,0.46947208
White,118,Other_Diagnosis_Code_4_ICD_10_C_M_ICD_Group_I50_32,Micro,0.49958587
White,119,Other_Diagnosis_Code_4_ICD_10_C_M_ICD_Group_K59_00,Micro,0.6275035
White,120,Other_Diagnosis_Code_4_ICD_10_C_M_ICD_Group_M62_81,Micro,0.7896392
White,121,Other_Diagnosis_Code_4_ICD_10_C_M_ICD_Group_R26_89,Micro,0.38256696
White,122,Other_Diagnosis_Code_4_ICD_10_C_M_ICD_Group_Z48_01,Micro,0.7864382
White,123,Other_Diagnosis_Code_4_ICD_10_C_M_ICD_Group_Z79_01,Micro,0.42707253
White,124,Other_Diagnosis_Code_4_ICD_10_C_M_ICD_Group_Z87_891,Micro,0.50911874
White,125,Other_Diagnosis_Code_4_ICD_10_C_M_ICD_Group_Z91_81,Micro,0.55327755
White,126,Other_Diagnosis_Code_5_ICD_10_C_M_ICD_Group_E11_22,Micro,0.69765145
White,127,Other_Diagnosis_Code_5_ICD_10_C_M_ICD_Group_E66_01,Micro,0.416522
White,128,Other_Diagnosis_Code_5_ICD_10_C_M_ICD_Group_F03_90,Micro,0.54720205
White,129,Other_Diagnosis_Code_5_ICD_10_C_M_ICD_Group_G47_33,Micro,0.4414891
White,130,Other_Diagnosis_Code_5_ICD_10_C_M_ICD_Group_I10,Micro,0.28455985
White,131,Other_Diagnosis_Code_5_ICD_10_C_M_ICD_Group_I25_10,Micro,0.32407463
White,132,Other_Diagnosis_Code_5_ICD_10_C_M_ICD_Group_M54_5,Micro,0.40821883
White,133,Other_Diagnosis_Code_5_ICD_10_C_M_ICD_Group_M62_81,Micro,0.6094606
White,134,Other_Diagnosis_Code_5_ICD_10_C_M_ICD_Group_Z48_00,Micro,0.3737553
White,135,Other_Diagnosis_Code_5_ICD_10_C_M_ICD_Group_Z79_01,Micro,0.56082016
White,136,Other_Diagnosis_Code_5_ICD_10_C_M_ICD_Group_Z91_81,Micro,0.5340574
White,137,Other_Diagnosis_Code_5_ICD_10_C_M_ICD_Group_Z99_81,Micro,0.63514376
White,138,Submitted_HIPPS_Code_1AFKS,Macro,0.58725804
White,139,Submitted_HIPPS_Code_1AGKS,Macro,0.3065045
White,140,Submitted_HIPPS_Code_1AHKS,Macro,0.38696113
White,141,Submitted_HIPPS_Code_1BGKS,Macro,0.43359533
White,142,Submitted_HIPPS_Code_1BGMS,Macro,0.9418253
White,143,Submitted_HIPPS_Code_1BGPS,Macro,0.46969208
White,144,Submitted_HIPPS_Code_1BHKS,Macro,0.3509059
White,145,Submitted_HIPPS_Code_1BHMS,Macro,0.54258054
White,146,Submitted_HIPPS_Code_1BHNS,Macro,0.81818527
White,147,Submitted_HIPPS_Code_1BHPS,Macro,0.93132067
White,148,Submitted_HIPPS_Code_1CGKS,Macro,0.3767399
White,149,Submitted_HIPPS_Code_1CGKT,Macro,0.41968068
White,150,Submitted_HIPPS_Code_1CGMS,Macro,0.36374313
White,151,Submitted_HIPPS_Code_1CGPS,Macro,0.4727852
White,152,Submitted_HIPPS_Code_1CHKS,Macro,0.5033594
White,153,Submitted_HIPPS_Code_1CHKT,Macro,0.667714
White,154,Submitted_HIPPS_Code_1CHKU,Macro,0.41691974
White,155,Submitted_HIPPS_Code_1CHMS,Macro,0.4598824
White,156,Submitted_HIPPS_Code_1CHNS,Macro,0.44573975
White,157,Submitted_HIPPS_Code_1CHPS,Macro,0.2579311
White,158,Submitted_HIPPS_Code_1CHPT,Macro,0.27658594
White,159,Submitted_HIPPS_Code_2AFKS,Macro,0.4107488
White,160,Submitted_HIPPS_Code_2AFLS,Macro,0.4897529
White,161,Submitted_HIPPS_Code_2BFKS,Macro,0.503355
White,162,Submitted_HIPPS_Code_2BFLS,Macro,0.6432969
White,163,Submitted_HIPPS_Code_2BFMS,Macro,0.57870865
White,164,Submitted_HIPPS_Code_2BGLS,Macro,0.48134333
White,165,Submitted_HIPPS_Code_5AGKS,Macro,0.29570192
White,166,Submitted_HIPPS_Code_5AHKS,Macro,0.30461994
White,167,Submitted_HIPPS_Code_5BHKS,Macro,0.55288124
White,168,Gender_Female,Micro,0.71120113
White,169,Gender_Male,Micro,0.31203875
White,170,ByDiscipline_PT,Micro,0.68758243
White,171,ByDiscipline_RN,Micro,0.8042786
White,172,Agency_Medicare_Number_453157,Macro,0.8595001
White,173,Agency_Medicare_Number_457741,Macro,0.35129562
White,174,Agency_Medicare_Number_678191,Macro,0.08691823
White,175,Agency_Medicare_Number_679044,Macro,0.6075156
White,176,BMI_Category_Normal_weight,Micro,0.51368046
White,177,BMI_Category_Obese_Class1,Micro,0.37947676
White,178,BMI_Category_Obese_Class2,Micro,0.28577715
White,179,BMI_Category_Obese_Class3,Micro,0.5780137
White,180,BMI_Category_Overweight,Micro,0.2878227
White,181,BMI_Category_Underweight,Micro,0.63903236
White,182,COUNTY_NAME_Bell,Meso,0.3708625
White,183,COUNTY_NAME_Bexar,Meso,0.38234186
White,184,COUNTY_NAME_Brazoria,Meso,0.70787054
White,185,COUNTY_NAME_Cameron,Meso,0.31756642
White,186,COUNTY_NAME_Collin,Meso,0.5730411
White,187,COUNTY_NAME_Dallas,Meso,0.49031964
White,188,COUNTY_NAME_Denton,Meso,0.93208265
White,189,COUNTY_NAME_El_Paso,Meso,0.30561793
White,190,COUNTY_NAME_Fort_Bend,Meso,0.59098494
White,191,COUNTY_NAME_Galveston,Meso,0.50139976
White,192,COUNTY_NAME_Harris,Meso,0.1619244
White,193,COUNTY_NAME_Hidalgo,Meso,0.36846074
White,194,COUNTY_NAME_Jefferson,Meso,0.42323345
White,195,COUNTY_NAME_Lubbock,Meso,0.45777857
White,196,COUNTY_NAME_McLennan,Meso,0.44340134
White,197,COUNTY_NAME_Montgomery,Meso,0.6720732
White,198,COUNTY_NAME_Nueces,Meso,0.5883974
White,199,COUNTY_NAME_Smith,Meso,0.5291649
White,200,COUNTY_NAME_Tarrant,Meso,0.36946166
White,201,COUNTY_NAME_Travis,Meso,0.7923112
White,202,COUNTY_NAME_Williamson,Meso,1.0
